BTW_BUND 17;
Zwischenergebnis;
Nr;Gebiet;gehört zu;Wahlberechtigte;;;;Wähler;;;;Ungültige;;;;Gültige;;;;Christlich Demokratische Union Deutschlands;;;;Sozialdemokratische Partei Deutschlands;;;;DIE LINKE;;;;BÜNDNIS 90/DIE GRÜNEN;;;;Christlich-Soziale Union in Bayern e.V.;;;;Freie Demokratische Partei;;;;Alternative für Deutschland;;;;Piratenpartei Deutschland;;;;Nationaldemokratische Partei Deutschlands;;;;FREIE WÄHLER;;;;PARTEI MENSCH UMWELT TIERSCHUTZ;;;;Ökologisch-Demokratische Partei;;;;Partei für Arbeit, Rechtsstaat, Tierschutz, Elitenförderung und basisdemokratische Initiative;;;;Bayernpartei;;;;Ab jetzt...Demokratie durch Volksabstimmung;;;;Partei der Vernunft;;;;Marxistisch-Leninistische Partei Deutschlands;;;;Bürgerrechtsbewegung Solidarität;;;;Sozialistische Gleichheitspartei, Vierte Internationale;;;;DIE RECHTE;;;;Allianz Deutscher Demokraten;;;;Allianz für Menschenrechte, Tier- und Naturschutz;;;;bergpartei, die überpartei;;;;Bündnis Grundeinkommen;;;;DEMOKRATIE IN BEWEGUNG;;;;Deutsche Kommunistische Partei;;;;Deutsche Mitte;;;;Die Grauen – Für alle Generationen;;;;Die Urbane. Eine HipHop Partei;;;;Madgeburger Gartenpartei;;;;Menschliche Welt;;;;Partei der Humanisten;;;;Partei für Gesundheitsforschung;;;;V-Partei³ - Partei für Veränderung, Vegetarier und Veganer;;;;Bündnis C - Christen für Deutschland;;;;DIE EINHEIT;;;;Die Violetten;;;;Familien-Partei Deutschlands;;;;Feministische Partei DIE FRAUEN;;;;Mieterpartei;;;;Neue Liberale – Die Sozialliberalen;;;;UNABHÄNGIGE für bürgernahe Demokratie;;;;Übrige;;;;
;;;Erststimmen;;Zweitstimmen;;Erststimmen;;Zweitstimmen;;Erststimmen;;Zweitstimmen;;Erststimmen;;Zweitstimmen;;Erststimmen;;Zweitstimmen;;Erststimmen;;Zweitstimmen;;Erststimmen;;Zweitstimmen;;Erststimmen;;Zweitstimmen;;Erststimmen;;Zweitstimmen;;Erststimmen;;Zweitstimmen;;Erststimmen;;Zweitstimmen;;Erststimmen;;Zweitstimmen;;Erststimmen;;Zweitstimmen;;Erststimmen;;Zweitstimmen;;Erststimmen;;Zweitstimmen;;Erststimmen;;Zweitstimmen;;Erststimmen;;Zweitstimmen;;Erststimmen;;Zweitstimmen;;Erststimmen;;Zweitstimmen;;Erststimmen;;Zweitstimmen;;Erststimmen;;Zweitstimmen;;Erststimmen;;Zweitstimmen;;Erststimmen;;Zweitstimmen;;Erststimmen;;Zweitstimmen;;Erststimmen;;Zweitstimmen;;Erststimmen;;Zweitstimmen;;Erststimmen;;Zweitstimmen;;Erststimmen;;Zweitstimmen;;Erststimmen;;Zweitstimmen;;Erststimmen;;Zweitstimmen;;Erststimmen;;Zweitstimmen;;Erststimmen;;Zweitstimmen;;Erststimmen;;Zweitstimmen;;Erststimmen;;Zweitstimmen;;Erststimmen;;Zweitstimmen;;Erststimmen;;Zweitstimmen;;Erststimmen;;Zweitstimmen;;Erststimmen;;Zweitstimmen;;Erststimmen;;Zweitstimmen;;Erststimmen;;Zweitstimmen;;Erststimmen;;Zweitstimmen;;Erststimmen;;Zweitstimmen;;Erststimmen;;Zweitstimmen;;Erststimmen;;Zweitstimmen;;Erststimmen;;Zweitstimmen;;Erststimmen;;Zweitstimmen;;Erststimmen;;Zweitstimmen;;
;;;Vorläufig;Vorperiode;Vorläufig;Vorperiode;Vorläufig;Vorperiode;Vorläufig;Vorperiode;Vorläufig;Vorperiode;Vorläufig;Vorperiode;Vorläufig;Vorperiode;Vorläufig;Vorperiode;Vorläufig;Vorperiode;Vorläufig;Vorperiode;Vorläufig;Vorperiode;Vorläufig;Vorperiode;Vorläufig;Vorperiode;Vorläufig;Vorperiode;Vorläufig;Vorperiode;Vorläufig;Vorperiode;Vorläufig;Vorperiode;Vorläufig;Vorperiode;Vorläufig;Vorperiode;Vorläufig;Vorperiode;Vorläufig;Vorperiode;Vorläufig;Vorperiode;Vorläufig;Vorperiode;Vorläufig;Vorperiode;Vorläufig;Vorperiode;Vorläufig;Vorperiode;Vorläufig;Vorperiode;Vorläufig;Vorperiode;Vorläufig;Vorperiode;Vorläufig;Vorperiode;Vorläufig;Vorperiode;Vorläufig;Vorperiode;Vorläufig;Vorperiode;Vorläufig;Vorperiode;Vorläufig;Vorperiode;Vorläufig;Vorperiode;Vorläufig;Vorperiode;Vorläufig;Vorperiode;Vorläufig;Vorperiode;Vorläufig;Vorperiode;Vorläufig;Vorperiode;Vorläufig;Vorperiode;Vorläufig;Vorperiode;Vorläufig;Vorperiode;Vorläufig;Vorperiode;Vorläufig;Vorperiode;Vorläufig;Vorperiode;Vorläufig;Vorperiode;Vorläufig;Vorperiode;Vorläufig;Vorperiode;Vorläufig;Vorperiode;Vorläufig;Vorperiode;Vorläufig;Vorperiode;Vorläufig;Vorperiode;Vorläufig;Vorperiode;Vorläufig;Vorperiode;Vorläufig;Vorperiode;Vorläufig;Vorperiode;Vorläufig;Vorperiode;Vorläufig;Vorperiode;Vorläufig;Vorperiode;Vorläufig;Vorperiode;Vorläufig;Vorperiode;Vorläufig;Vorperiode;Vorläufig;Vorperiode;Vorläufig;Vorperiode;Vorläufig;Vorperiode;Vorläufig;Vorperiode;Vorläufig;Vorperiode;Vorläufig;Vorperiode;Vorläufig;Vorperiode;Vorläufig;Vorperiode;Vorläufig;Vorperiode;Vorläufig;Vorperiode;Vorläufig;Vorperiode;Vorläufig;Vorperiode;Vorläufig;Vorperiode;Vorläufig;Vorperiode;Vorläufig;Vorperiode;Vorläufig;Vorperiode;Vorläufig;Vorperiode;Vorläufig;Vorperiode;Vorläufig;Vorperiode;Vorläufig;Vorperiode;Vorläufig;Vorperiode;Vorläufig;Vorperiode;Vorläufig;Vorperiode;Vorläufig;Vorperiode;Vorläufig;Vorperiode;Vorläufig;Vorperiode;Vorläufig;Vorperiode;Vorläufig;Vorperiode;Vorläufig;Vorperiode;Vorläufig;Vorperiode;
1;Flensburg – Schleswig;1;0;0;0;0;0;0;0;0;;;;;;;;;0;;0;;0;;0;;0;;0;;0;;0;;;;;;0;;0;;0;;0;;;;;;;;0;;0;;0;;;;;;;;0;;;;0;;;;;;;;;;;;;;;;0;;;;;;;;;;;;;;;;;;;;;;;;;;;;0;;;;;;;;;;;;;;;;;;;;;;;;;;;;;;;;;;;;;;;;;;;;;;;;;;;;;;;;;;;;;;;;;;;;;;;;;;;;;;
2;Nordfriesland – Dithmarschen Nord;1;0;0;0;0;0;0;0;0;;;;;;;;;0;;0;;0;;0;;0;;0;;0;;0;;;;;;0;;0;;0;;0;;;;;;;;0;;0;;0;;;;;;;;0;;;;0;;;;;;;;;;;;;;;;0;;;;;;;;;;;;;;;;;;;;;;;;;;;;0;;;;;;;;;;;;;;;;;;;;;;;;;;;;;;;;;;;;;;;;;;;;;;;;;;;;;;;;;;;;;;;;;;;;;;;;;;;;;;
3;Steinburg – Dithmarschen Süd;1;0;0;0;0;0;0;0;0;;;;;;;;;0;;0;;0;;0;;0;;0;;0;;0;;;;;;0;;0;;0;;0;;;;;;;;0;;0;;0;;;;;;;;0;;;;0;;;;;;;;;;;;;;0;;0;;;;;;;;;;;;;;;;;;;;;;;;;;;;0;;;;;;;;;;;;;;;;;;;;;;;;;;;;;;;;;;;;;;;;;;;;;;;;;;;;;;;;;;;;;;;;;;;;;;;;;;;;;;
4;Rendsburg-Eckernförde;1;0;0;0;0;0;0;0;0;;;;;;;;;0;;0;;0;;0;;0;;0;;0;;0;;;;;;0;;0;;0;;0;;;;;;;;0;;0;;0;;;;;;;;0;;;;0;;;;;;;;;;;;;;;;0;;;;;;;;;;;;;;;;;;;;;;;;;;;;0;;;;;;;;;;;;;;;;;;;;;;;;;;;;;;;;;;;;;;;;;;;;;;;;;;;;;;;;;;;;;;;;;;;;;;;;;;;;;;
5;Kiel;1;0;0;0;0;0;0;0;0;;;;;;;;;0;;0;;0;;0;;0;;0;;0;;0;;;;;;0;;0;;0;;0;;;;;;;;0;;;;0;;;;;;;;0;;0;;0;;;;;;;;;;;;;;0;;0;;;;;;;;;;;;;;;;;;;;;;;;;;;;0;;;;;;;;;;;;;;;;;;;;;;;;;;;;;;;;;;;;;;;;;;;;;;;;;;;;;;;;;;;;;;;;;;0;;;;;;;;;;;;
6;Plön – Neumünster;1;0;0;0;0;0;0;0;0;;;;;;;;;0;;0;;0;;0;;0;;0;;0;;0;;;;;;0;;0;;0;;0;;;;;;;;0;;0;;0;;;;;;;;0;;;;0;;;;;;;;;;;;;;;;0;;;;;;;;;;;;;;;;;;;;;;;;;;;;0;;;;;;;;;;;;;;;;;;;;;;;;;;;;;;;;;;;;;;;;;;;;;;;;;;;;;;;;;;;;;;;;;;;;;;;;;;;;;;
7;Pinneberg;1;0;0;0;0;0;0;0;0;;;;;;;;;0;;0;;0;;0;;0;;0;;0;;0;;;;;;0;;0;;0;;0;;;;;;;;0;;;;0;;;;;;;;0;;;;0;;;;;;;;;;;;;;;;0;;;;;;;;;;;;;;;;;;;;;;;;;;;;0;;;;;;;;;;;;;;;;;;;;;;;;;;;;;;;;;;;;;;;;;;;;;;;;;;;;;;;;;;;;;;;;;;;;;;;;;;;;;;
8;Segeberg – Stormarn-Mitte;1;0;0;0;0;0;0;0;0;;;;;;;;;0;;0;;0;;0;;0;;0;;0;;0;;;;;;0;;0;;0;;0;;;;;;;;0;;0;;0;;;;;;;;0;;;;0;;;;;;;;;;;;;;;;0;;;;;;;;;;;;;;;;;;;;;;;;;;;;0;;;;;;;;;;;;;;;;;;;;;;;;;;;;;;;;;;;;;;;;;;;;;;;;;;;;;;;;;;;;;;;;;;;;;;;;;;;;;;
9;Ostholstein – Stormarn-Nord;1;0;0;0;0;0;0;0;0;;;;;;;;;0;;0;;0;;0;;0;;0;;0;;0;;;;;;0;;0;;0;;0;;;;;;;;0;;0;;0;;;;;;;;0;;;;0;;;;;;;;;;;;;;;;0;;;;;;;;;;;;;;;;;;;;;;;;;;;;0;;;;;;;;;;;;;;;;;;;;;;;;;;;;;;;;;;;;;;;;;;;;;;;;;;;;;;0;;;;;;;;;;;;;;;;;;;;;;;;
10;Herzogtum Lauenburg – Stormarn-Süd;1;0;0;0;0;0;0;0;0;;;;;;;;;0;;0;;0;;0;;0;;0;;0;;0;;;;;;0;;0;;0;;0;;;;;;;;0;;0;;0;;;;;;;;0;;;;0;;;;;;;;;;;;;;;;0;;;;;;;;;;;;;;;;;;;;;;;;;;;;0;;;;;;;;;;;;;;;;;;;;;;;;;;;;;;;;;;;;;;;;;;;;;;;;;;;;;;;;;;;;;;;;;;;;;;;;;;;;;;
11;Lübeck;1;0;0;0;0;0;0;0;0;;;;;;;;;0;;0;;0;;0;;;;0;;0;;0;;;;;;0;;0;;0;;0;;;;;;;;0;;0;;0;;;;;;;;0;;;;0;;;;;;;;;;;;;;0;;0;;;;;;;;;;;;;;;;;;;;;;;;;;;;0;;;;;;;;;;;;;;;;;;;;;;;;;;;;;;;;;;;;;;;;;;;;;;;;;;;;;;;;;;;;;;;;;;;;;;;;;;;;;;
1;Schleswig-Holstein;99;0;0;0;0;0;0;0;0;;;;;;;;;0;;0;;0;;0;;0;;0;;0;;0;;;;;;0;;0;;0;;0;;;;;;;;0;;0;;0;;;;;;;;0;;0;;0;;;;;;;;;;;;;;0;;0;;;;;;;;;;;;;;;;;;;;;;;;;;;;0;;;;;;;;;;;;;;;;;;;;;;;;;;;;;;;;;;;;;;;;;;;;;;;;;;;;;;0;;;;;;;;;;;;0;;;;;;;;;;;;
;
12;Schwerin – Ludwigslust-Parchim I – Nordwestmecklenburg I;13;0;0;0;0;0;0;0;0;;;;;;;;;0;;0;;0;;0;;0;;0;;0;;0;;;;;;0;;0;;0;;0;;;;;;0;;0;;0;;0;;;;0;;;;0;;;;0;;;;;;;;;;;;;;0;;0;;;;;;;;;;;;;;;;;;;;;;;;;;;;0;;;;;;;;;;;;;;;;;;;;;;;;;;;;;;;;;;;;;;;;;;;;;;;;;;;;;;;;;;;;;;;;;;;;;;;;;;;;;;
13;Ludwigslust-Parchim II – Nordwestmecklenburg II – Landkreis Rostock I;13;0;0;0;0;0;0;0;0;;;;;;;;;0;;0;;0;;0;;0;;0;;0;;0;;;;;;0;;0;;0;;0;;;;;;0;;0;;0;;0;;;;0;;;;0;;;;0;;;;;;;;;;;;;;;;0;;;;;;;;;;;;;;;;;;;;;;;;;;;;0;;;;;;;;;;;;;;;;;;;;;;;;;;;;;;;;;;;;;;;;;;;;;;;;;;;;;;;;;;;;;;;;;;;;;;;;;;;;;;
14;Rostock – Landkreis Rostock II;13;0;0;0;0;0;0;0;0;;;;;;;;;0;;0;;0;;0;;0;;0;;0;;0;;;;;;0;;0;;0;;0;;;;;;;;0;;0;;0;;;;0;;0;;0;;0;;0;;;;;;;;;;;;;;0;;0;;;;;;;;;;;;;;;;;;;;;;;;;;;;0;;;;;;;;;;;;;;;;;;;;;;;;;;;;;;;;;;;;;;;;;;;;;;;;;;;;;;;;;;;;;;;;;;;;;;;;;;;;;;
15;Vorpommern-Rügen – Vorpommern-Greifswald I;13;0;0;0;0;0;0;0;0;;;;;;;;;0;;0;;0;;0;;0;;0;;0;;0;;;;;;0;;0;;0;;0;;;;;;0;;0;;0;;0;;0;;0;;;;0;;;;0;;;;;;;;;;;;;;0;;0;;;;;;;;;;;;;;;;;;;;;;;;;;;;0;;;;;;;;;;;;;;;;;;;;;;;;;;;;;;;;;;;;;;;;;;;;;;;;;;;;;;;;;;;;;;;;;;;;;;;;;;;;;;
16;Mecklenburgische Seenplatte I – Vorpommern-Greifswald II;13;0;0;0;0;0;0;0;0;;;;;;;;;0;;0;;0;;0;;0;;0;;0;;0;;;;;;0;;0;;0;;0;;;;;;0;;0;;0;;0;;;;0;;;;0;;0;;0;;;;;;;;;;;;;;;;0;;;;;;;;;;;;;;;;;;;;;;;;;;;;0;;;;;;;;;;;;;;;;;;;;;;;;;;;;;;;;;;;;;;;;;;;;;;;;;;;;;;;;;;;;;;;;;;;;;;;;;;;;;;
17;Mecklenburgische Seenplatte II – Landkreis Rostock III;13;0;0;0;0;0;0;0;0;;;;;;;;;0;;0;;0;;0;;0;;0;;0;;0;;;;;;0;;0;;0;;0;;;;;;0;;0;;0;;0;;;;0;;;;0;;;;0;;;;;;;;;;;;;;0;;0;;;;;;;;;;;;;;;;;;;;;;;;;;;;0;;;;;;;;;;;;;;;;;;;;;;;;;;;;;;;;;;;;;;;;;;;;;;;;;;;;;;;;;;;;;;;;;;;;;;;;;;;;;;
13;Mecklenburg-Vorpommern;99;0;0;0;0;0;0;0;0;;;;;;;;;0;;0;;0;;0;;0;;0;;0;;0;;;;;;0;;0;;0;;0;;;;;;0;;0;;0;;0;;0;;0;;0;;0;;0;;0;;;;;;;;;;;;;;0;;0;;;;;;;;;;;;;;;;;;;;;;;;;;;;0;;;;;;;;;;;;;;;;;;;;;;;;;;;;;;;;;;;;;;;;;;;;;;;;;;;;;;;;;;;;;;;;;;;;;;;;;;;;;;
;
18;Hamburg-Mitte;2;0;0;0;0;0;0;0;0;;;;;;;;;0;;0;;0;;0;;0;;0;;0;;0;;;;;;0;;0;;0;;0;;;;;;0;;0;;0;;0;;;;0;;0;;0;;0;;0;;;;;;;;;;;;;;0;;0;;;;;;;;;;;;;;;;;;;;;;;;;;;;0;;;;0;;;;0;;;;;;;;;;;;;;;;;;;;;;;;;;;;;;;;0;;;;;;;;;;;;;;;;;;;;;;;;;;;;;;;;;;;;;;
19;Hamburg-Altona;2;0;0;0;0;0;0;0;0;;;;;;;;;0;;0;;0;;0;;0;;0;;0;;0;;;;;;0;;0;;0;;0;;;;;;;;0;;0;;0;;;;0;;;;0;;0;;0;;;;;;;;;;;;;;0;;0;;;;;;;;;;;;;;;;;;;;;;;;;;;;0;;;;0;;;;0;;;;;;;;;;;;;;;;;;;;;;;;;;;;;;;;0;;;;;;;;;;;;;;;;;;;;;;;;;;;;;;;;;;;;;;
20;Hamburg-Eimsbüttel;2;0;0;0;0;0;0;0;0;;;;;;;;;0;;0;;0;;0;;0;;0;;0;;0;;;;;;0;;0;;0;;0;;;;;;;;0;;;;0;;;;0;;0;;0;;;;0;;;;;;;;;;;;;;0;;0;;;;;;;;;;;;;;;;;;;;;;;;;;;;0;;;;0;;;;0;;;;;;;;;;;;;;;;;;;;;;;;;;;;;;;;0;;;;;;;;;;;;;;;;;;;;;;;;;;;;;;;;;;;;;;
21;Hamburg-Nord;2;0;0;0;0;0;0;0;0;;;;;;;;;0;;0;;0;;0;;0;;0;;0;;0;;;;;;0;;0;;0;;0;;;;;;;;0;;0;;0;;;;0;;;;0;;;;0;;;;;;;;;;;;;;;;0;;;;;;;;;;;;;;;;;;;;;;;;;;;;0;;;;0;;;;0;;;;;;;;;;;;;;;;;;;;;;;;;;;;;;;;0;;;;;;;;;;;;;;;;;;;;;;;;;;;;;;;;;;;;;;
22;Hamburg-Wandsbek;2;0;0;0;0;0;0;0;0;;;;;;;;;0;;0;;0;;0;;0;;0;;0;;0;;;;;;0;;0;;0;;0;;;;;;0;;0;;0;;0;;;;0;;;;0;;0;;0;;;;;;;;;;;;;;;;0;;;;;;;;;;;;;;;;;;;;;;;;;;;;0;;;;0;;;;0;;;;;;;;;;;;;;;;;;;;;;;;;;;;;;;;0;;;;;;;;;;;;;;;;;;;;;;;;;;;;;;;;;;;;;;
23;Hamburg-Bergedorf – Harburg;2;0;0;0;0;0;0;0;0;;;;;;;;;0;;0;;0;;0;;0;;0;;0;;0;;;;;;0;;0;;0;;0;;;;;;0;;0;;0;;0;;;;0;;0;;0;;;;0;;;;;;;;;;;;;;0;;0;;;;;;;;;;;;;;;;;;;;;;;;;;;;0;;;;0;;;;0;;;;;;;;;;;;;;;;;;;;;;;;;;;;;;;;0;;;;;;;;;;;;;;;;;;;;;;;;;;;;;;;;;;;;;;
2;Hamburg;99;0;0;0;0;0;0;0;0;;;;;;;;;0;;0;;0;;0;;0;;0;;0;;0;;;;;;0;;0;;0;;0;;;;;;0;;0;;0;;0;;;;0;;0;;0;;0;;0;;;;;;;;;;;;;;0;;0;;;;;;;;;;;;;;;;;;;;;;;;;;;;0;;;;0;;;;0;;;;;;;;;;;;;;;;;;;;;;;;;;;;;;;;0;;;;;;;;;;;;;;;;;;;;;;;;;;;;;;;;;;;;;;
;
24;Aurich – Emden;3;0;0;0;0;0;0;0;0;;;;;;;;;0;;0;;0;;0;;0;;0;;0;;0;;;;;;0;;0;;;;0;;0;;0;;;;0;;0;;0;;;;0;;;;0;;;;0;;;;;;;;;;;;;;;;0;;;;;;;;;;;;;;;;;;;;;;;;;;;;0;;;;0;;;;0;;;;0;;;;;;;;;;;;;;;;;;;;;;;;;;;;0;;;;;;;;;;;;;;;;;;;;;;;;;;;;;;;;;;;;;;
25;Unterems;3;0;0;0;0;0;0;0;0;;;;;;;;;0;;0;;0;;0;;0;;0;;0;;0;;;;;;0;;0;;0;;0;;;;0;;;;0;;;;0;;;;0;;;;0;;0;;0;;;;;;;;;;;;;;;;0;;;;;;;;;;;;;;;;;;;;;;;;;;;;0;;;;0;;;;0;;;;0;;;;;;;;;;;;;;;;;;;;;;;;;;;;0;;;;;;;;;;;;;;;;;;;;;;;;;;;;;;;;;;;;;;
26;Friesland – Wilhelmshaven – Wittmund;3;0;0;0;0;0;0;0;0;;;;;;;;;0;;0;;0;;0;;0;;0;;0;;0;;;;;;0;;0;;0;;0;;;;0;;;;0;;0;;0;;;;0;;;;0;;0;;0;;;;;;;;;;;;;;0;;0;;;;;;;;;;;;;;;;;;;;;;;;;;;;0;;;;0;;;;0;;;;0;;;;;;;;;;;;;;;;;;;;;;;;;;;;0;;;;;;;;;;;;;;;;;;;;;;;;;;;;;;;;;;;;;;
27;Oldenburg – Ammerland;3;0;0;0;0;0;0;0;0;;;;;;;;;0;;0;;0;;0;;0;;0;;0;;0;;;;;;0;;0;;0;;0;;;;0;;;;0;;0;;0;;;;0;;0;;0;;;;0;;;;;;;;;;;;;;;;0;;;;;;;;;;;;;;;;;;;;;;;;;;;;0;;;;0;;;;0;;;;0;;;;;;;;;;;;;;;;;;;;;;;;;;;;0;;;;;;;;;;;;;;;;;;;;;;;;;;;;;;;;;;;;;;
28;Delmenhorst – Wesermarsch – Oldenburg-Land;3;0;0;0;0;0;0;0;0;;;;;;;;;0;;0;;0;;0;;0;;0;;0;;0;;;;;;0;;0;;0;;0;;;;0;;;;0;;0;;0;;;;0;;;;0;;;;0;;;;;;;;;;;;;;;;0;;;;;;;;;;;;;;;;;;;;;;;;;;;;0;;;;0;;;;0;;;;0;;;;;;;;;;;;;;;;;;;;;;;;;;;;0;;;;;;;;;;;;;;;;;;;;;;;;;;;;;;;;;;;;;;
29;Cuxhaven – Stade II;3;0;0;0;0;0;0;0;0;;;;;;;;;0;;0;;0;;0;;0;;0;;0;;0;;;;;;0;;0;;0;;0;;;;0;;;;0;;0;;0;;;;0;;;;0;;;;0;;;;;;;;;;;;;;;;0;;;;;;;;;;;;;;;;;;;;;;;;;;;;0;;;;0;;;;0;;;;0;;;;;;;;;;;;;;;;;;;;;;;;;;;;0;;;;;;;;;;;;;;;;;;;;;;;;;;;;;;;;;;;;;;
30;Stade I – Rotenburg II;3;0;0;0;0;0;0;0;0;;;;;;;;;0;;0;;0;;0;;0;;0;;0;;0;;;;;;0;;0;;0;;0;;0;;0;;;;0;;;;0;;;;0;;;;0;;;;0;;;;;;;;;;;;;;;;0;;;;;;;;;;;;;;;;;;;;;;;;;;;;0;;;;0;;;;0;;;;0;;;;;;;;;;;;;;;;;;;;;;;;;;;;0;;;;;;;;;;;;;;;;;;;;;;;;;;;;;;;;;;;;;;
31;Mittelems;3;0;0;0;0;0;0;0;0;;;;;;;;;0;;0;;0;;0;;0;;0;;0;;0;;;;;;0;;0;;0;;0;;;;0;;;;0;;;;0;;;;0;;;;0;;0;;0;;;;;;;;;;;;;;;;0;;;;;;;;;;;;;;;;;;;;;;;;;;;;0;;;;0;;;;0;;;;0;;;;;;;;;;;;;;;;;;;;;;;;;;;;0;;;;;;;;;;;;;;;;;;;;;;;;;;;;;;;;;;;;;;
32;Cloppenburg – Vechta;3;0;0;0;0;0;0;0;0;;;;;;;;;0;;0;;0;;0;;0;;0;;0;;0;;;;;;0;;0;;0;;0;;;;0;;;;0;;0;;0;;;;0;;;;0;;;;0;;;;;;;;;;;;;;;;0;;;;;;;;;;;;;;;;;;;;;;;;;;;;0;;;;0;;;;0;;;;0;;;;;;;;;;;;;;;;;;;;;;;;;;;;0;;;;;;;;;;;;;;;;;;;;;;;;;;;;;;;;;;;;;;
33;Diepholz – Nienburg I;3;0;0;0;0;0;0;0;0;;;;;;;;;0;;0;;0;;0;;0;;0;;0;;0;;;;;;0;;0;;0;;0;;;;0;;;;0;;;;0;;;;0;;;;0;;;;0;;;;;;;;;;;;;;;;0;;;;;;;;;;;;;;;;;;;;;;;;;;;;0;;;;0;;;;0;;;;0;;;;;;;;;;;;;;;;;;;;;;;;;;;;0;;;;;;;;;;;;;;;;;;;;;;;;;;;;;;;;;;;;;;
34;Osterholz – Verden;3;0;0;0;0;0;0;0;0;;;;;;;;;0;;0;;0;;0;;0;;0;;0;;0;;;;;;0;;0;;0;;0;;;;0;;;;0;;0;;0;;;;0;;;;0;;;;0;;;;;;;;;;;;;;;;0;;;;;;;;;;;;;;;;;;;;;;;;;;;;0;;;;0;;;;0;;;;0;;;;;;;;;;;;;;;;;;;;;;;;;;;;0;;;;;;;;;;;;;;;;;;;;;;;;;;;;;;;;;;;;;;
35;Rotenburg I – Heidekreis;3;0;0;0;0;0;0;0;0;;;;;;;;;0;;0;;0;;0;;0;;0;;0;;0;;;;;;0;;0;;0;;0;;;;0;;;;0;;0;;0;;;;0;;;;0;;;;0;;;;;;;;;;;;;;;;0;;;;;;;;;;;;;;;;;;;;;;;;;;;;0;;;;0;;;;0;;;;0;;;;;;;;;;;;;;;;;;;;;;;;;;;;0;;;;;;;;;;;;;;;;;;;;;;;;;;;;;;;;;;;;;;
36;Harburg;3;0;0;0;0;0;0;0;0;;;;;;;;;0;;0;;0;;0;;0;;0;;0;;0;;;;;;0;;0;;0;;0;;;;0;;;;0;;0;;0;;;;0;;;;0;;;;0;;;;;;;;;;;;;;;;0;;;;;;;;;;;;;;;;;;;;;;;;;;;;0;;;;0;;;;0;;;;0;;;;;;;;;;;;;;;;;;;;;;;;;;;;0;;;;;;;;;;;;;;;;;;;;;;;;;;;;;;;;;;;;;;
37;Lüchow-Dannenberg – Lüneburg;3;0;0;0;0;0;0;0;0;;;;;;;;;0;;0;;0;;0;;0;;0;;0;;0;;;;;;0;;0;;0;;0;;;;0;;;;0;;;;0;;;;0;;;;0;;;;0;;;;;;;;;;;;;;;;0;;;;;;;;;;;;;;;;;;;;;;;;;;;;0;;;;0;;;;0;;;;0;;;;;;;;;;;;;;;;;;;;;;;;;;;;0;;;;;;;;;;;;;;;;;;;;;;;;;;;;;;;;;;;;;;
38;Osnabrück-Land;3;0;0;0;0;0;0;0;0;;;;;;;;;0;;0;;0;;0;;0;;0;;0;;0;;;;;;0;;0;;0;;0;;;;0;;;;0;;;;0;;;;0;;;;0;;;;0;;;;;;;;;;;;;;;;0;;;;;;;;;;;;;;;;;;;;;;;;;;;;0;;;;0;;;;0;;;;0;;;;;;;;;;;;;;;;;;;;;;;;;;;;0;;0;;;;;;;;;;;;;;;;;;;;;;;;;;;;;;;;;;;;
39;Stadt Osnabrück;3;0;0;0;0;0;0;0;0;;;;;;;;;0;;0;;0;;0;;0;;0;;0;;0;;;;;;0;;0;;;;0;;;;0;;;;0;;;;0;;;;0;;;;0;;;;0;;;;;;;;;;;;;;;;0;;;;;;;;;;;;;;;;;;;;;;;;;;;;0;;;;0;;0;;0;;;;0;;;;;;;;;;;;;;;;;;;;;;;;;;;;0;;;;;;;;;;;;;;;;;;;;;;;;;;;;;;;;;;;;;;
40;Nienburg II – Schaumburg;3;0;0;0;0;0;0;0;0;;;;;;;;;0;;0;;0;;0;;0;;0;;0;;0;;;;;;0;;0;;0;;0;;0;;0;;;;0;;;;0;;;;0;;;;0;;;;0;;;;;;;;;;;;;;;;0;;;;;;;;;;;;;;;;;;;;;;;;;;;;0;;;;0;;;;0;;;;0;;;;;;;;;;;;;;;;;;;;;;;;;;;;0;;;;;;;;;;;;;;;;;;;;;;;;;;;;;;;;;;;;;;
41;Stadt Hannover I;3;0;0;0;0;0;0;0;0;;;;;;;;;0;;0;;0;;0;;0;;0;;0;;0;;;;;;0;;0;;0;;0;;0;;0;;;;0;;0;;0;;;;0;;;;0;;0;;0;;;;;;;;;;;;;;0;;0;;;;;;;;;;;;;;;;;;;;;;;;;;;;0;;;;0;;0;;0;;;;0;;;;;;;;;;;;;;;;;;;;;;;;;;;;0;;;;;;;;;;;;;;;;;;;;;;;;;;;;;;;;;;;;;;
42;Stadt Hannover II;3;0;0;0;0;0;0;0;0;;;;;;;;;0;;0;;0;;0;;0;;0;;0;;0;;;;;;0;;0;;0;;0;;0;;0;;;;0;;;;0;;;;0;;;;0;;0;;0;;;;;;;;;;;;;;0;;0;;;;;;;;;;;;;;;;;;;;;;;;;;;;0;;;;0;;0;;0;;;;0;;;;;;;;;;;;;;;;;;;;;;;;;;;;0;;;;;;;;;;;;;;;;;;;;;;;;;;;;;;;;;;;;;;
43;Hannover-Land I;3;0;0;0;0;0;0;0;0;;;;;;;;;0;;0;;0;;0;;0;;0;;0;;0;;;;;;0;;0;;0;;0;;;;0;;;;0;;0;;0;;;;0;;;;0;;;;0;;;;;;;;;;;;;;;;0;;;;;;;;;;;;;;;;;;;;;;;;;;;;0;;;;0;;;;0;;;;0;;;;;;;;;;;;;;;;;;;;;;;;;;;;0;;;;;;;;;;;;;;;;;;;;;;;;;;;;;;;;;;;;;;
44;Celle – Uelzen;3;0;0;0;0;0;0;0;0;;;;;;;;;0;;0;;0;;0;;0;;0;;0;;0;;;;;;0;;0;;0;;0;;;;0;;;;0;;0;;0;;;;0;;;;0;;;;0;;;;;;;;;;;;;;;;0;;;;;;;;;;;;;;;;;;;;;;;;;;;;0;;;;0;;;;0;;;;0;;;;;;;;;;;;;;;;;;;;;;;;;;;;0;;;;;;;;;;;;;;;;;;;;;;;;;;;;;;;;;;;;;;
45;Gifhorn – Peine;3;0;0;0;0;0;0;0;0;;;;;;;;;0;;0;;0;;0;;0;;0;;0;;0;;;;;;0;;0;;0;;0;;;;0;;;;0;;;;0;;;;0;;;;0;;;;0;;;;;;;;;;;;;;0;;0;;;;;;;;;;;;;;;;;;;;;;;;;;;;0;;;;0;;;;0;;;;0;;;;;;;;;;;;;;;;;;;;;;;;;;;;0;;0;;;;;;;;;;;;;;;;;;;;;;;;;;;;;;;;;;;;
46;Hameln-Pyrmont – Holzminden;3;0;0;0;0;0;0;0;0;;;;;;;;;0;;0;;0;;0;;0;;0;;0;;0;;;;;;0;;0;;0;;0;;0;;0;;;;0;;;;0;;;;0;;;;0;;;;0;;;;;;;;;;;;;;;;0;;;;;;;;;;;;;;;;;;;;;;;;;;;;0;;;;0;;;;0;;;;0;;;;;;;;;;;;;;;;;;;;;;;;;;;;0;;;;;;;;;;;;;;;;;;;;;;;;;;;;;;;;;;;;;;
47;Hannover-Land II;3;0;0;0;0;0;0;0;0;;;;;;;;;0;;0;;0;;0;;0;;0;;0;;0;;;;;;0;;0;;0;;0;;0;;0;;;;0;;0;;0;;;;0;;;;0;;;;0;;;;;;;;;;;;;;;;0;;;;;;;;;;;;;;;;;;;;;;;;;;;;0;;;;0;;;;0;;;;0;;;;;;;;;;;;;;;;;;;;;;;;;;;;0;;;;;;;;;;;;;;;;;;;;;;;;;;;;;;;;;;;;;;
48;Hildesheim;3;0;0;0;0;0;0;0;0;;;;;;;;;0;;0;;0;;0;;0;;0;;0;;0;;;;;;0;;0;;0;;0;;;;0;;;;0;;;;0;;;;0;;;;0;;;;0;;;;;;;;;;;;;;;;0;;;;;;;;;;;;;;;;;;;;;;;;;;;;0;;;;0;;;;0;;;;0;;;;;;;;;;;;;;;;;;;;;;;;;;;;0;;;;;;;;;;;;;;;;;;;;;;;;;;;;;;;;;;;;;;
49;Salzgitter – Wolfenbüttel;3;0;0;0;0;0;0;0;0;;;;;;;;;0;;0;;0;;0;;0;;0;;0;;0;;;;;;0;;0;;0;;0;;0;;0;;;;0;;;;0;;;;0;;;;0;;;;0;;;;;;;;;;;;;;;;0;;;;;;;;;;;;;;;;;;;;;;;;;;;;0;;;;0;;;;0;;;;0;;;;;;;;;;;;;;;;;;;;;;;;;;;;0;;;;;;;;;;;;;;;;;;;;;;;;;;;;;;;;;;;;;;
50;Braunschweig;3;0;0;0;0;0;0;0;0;;;;;;;;;0;;0;;0;;0;;0;;0;;0;;0;;;;;;0;;0;;0;;0;;;;0;;;;0;;;;0;;;;0;;;;0;;;;0;;;;;;;;;;;;;;0;;0;;;;;;;;;;;;;;;;;;;;;;;;;;;;0;;;;0;;;;0;;;;0;;;;;;;;;;;;;;;;;;;;;;;;;;;;0;;;;;;;;;;;;;;;;;;;;;;;;;;;;;;;;;;;;;;
51;Helmstedt – Wolfsburg;3;0;0;0;0;0;0;0;0;;;;;;;;;0;;0;;0;;0;;0;;0;;0;;0;;;;;;0;;0;;0;;0;;;;0;;;;0;;;;0;;;;0;;;;0;;;;0;;;;;;;;;;;;;;0;;0;;;;;;;;;;;;;;;;;;;;;;;;;;;;0;;;;0;;;;0;;;;0;;;;;;;;;;;;;;;;;;;;;;;;;;;;0;;;;;;;;;;;;;;;;;;;;;;;;;;;;;;;;;;;;;;
52;Goslar – Northeim – Osterode;3;0;0;0;0;0;0;0;0;;;;;;;;;0;;0;;0;;0;;0;;0;;0;;0;;;;;;0;;0;;0;;0;;;;0;;;;0;;;;0;;;;0;;;;0;;;;0;;;;;;;;;;;;;;;;0;;;;;;;;;;;;;;;;;;;;;;;;;;;;0;;;;0;;;;0;;;;0;;;;;;;;;;;;;;;;;;;;;;;;;;;;0;;;;;;;;;;;;;;;;;;;;;;;;;;;;;;;;;;;;;;
53;Göttingen;3;0;0;0;0;0;0;0;0;;;;;;;;;0;;0;;0;;0;;0;;0;;0;;0;;;;;;0;;0;;0;;0;;0;;0;;;;0;;0;;0;;;;0;;;;0;;0;;0;;;;;;;;;;;;;;0;;0;;;;;;;;;;;;;;;;;;;;;;;;;;;;0;;;;0;;;;0;;;;0;;;;;;;;;;;;;;;;;;;;;;;;;;;;0;;;;;;;;;;;;;;;;;;;;;;;;;;;;;;;;;;;;;;
3;Niedersachsen;99;0;0;0;0;0;0;0;0;;;;;;;;;0;;0;;0;;0;;0;;0;;0;;0;;;;;;0;;0;;0;;0;;0;;0;;;;0;;0;;0;;;;0;;0;;0;;0;;0;;;;;;;;;;;;;;0;;0;;;;;;;;;;;;;;;;;;;;;;;;;;;;0;;;;0;;0;;0;;;;0;;;;;;;;;;;;;;;;;;;;;;;;;;;;0;;0;;;;;;;;;;;;;;;;;;;;;;;;;;;;;;;;;;;;
;
54;Bremen I;4;0;0;0;0;0;0;0;0;;;;;;;;;0;;0;;0;;0;;0;;0;;0;;0;;;;;;0;;0;;0;;0;;;;0;;;;0;;;;0;;;;;;;;;;0;;0;;;;;;;;;;;;;;0;;0;;;;;;;;;;;;;;;;;;;;;;;;;;;;0;;;;;;;;0;;;;0;;;;;;;;;;;;;;;;0;;;;;;;;;;;;0;;;;;;;;;;;;;;;;;;;;;;;;;;;;;;;;;;;;;;
55;Bremen II – Bremerhaven;4;0;0;0;0;0;0;0;0;;;;;;;;;0;;0;;0;;0;;0;;0;;0;;0;;;;;;0;;0;;0;;0;;;;0;;0;;0;;0;;0;;;;;;;;;;0;;0;;;;;;;;;;;;;;0;;0;;;;;;;;;;;;;;;;;;;;;;;;;;;;0;;;;;;;;0;;;;0;;;;;;;;;;;;;;0;;0;;;;;;;;;;;;0;;;;;;;;;;;;;;;;;;;;;;;;;;;;;;;;;;;;;;
4;Bremen;99;0;0;0;0;0;0;0;0;;;;;;;;;0;;0;;0;;0;;0;;0;;0;;0;;;;;;0;;0;;0;;0;;;;0;;0;;0;;0;;0;;;;;;;;;;0;;0;;;;;;;;;;;;;;0;;0;;;;;;;;;;;;;;;;;;;;;;;;;;;;0;;;;;;;;0;;;;0;;;;;;;;;;;;;;0;;0;;;;;;;;;;;;0;;;;;;;;;;;;;;;;;;;;;;;;;;;;;;;;;;;;;;
;
56;Prignitz – Ostprignitz-Ruppin – Havelland I;12;0;0;0;0;0;0;0;0;;;;;;;;;0;;0;;0;;0;;0;;0;;0;;0;;;;;;0;;0;;0;;0;;;;;;;;0;;0;;0;;;;0;;;;0;;0;;0;;;;;;;;;;;;;;0;;0;;;;;;;;;;;;;;;;;;;;;;;;;;;;0;;;;;;;;0;;;;0;;;;;;;;;;;;;;;;;;;;;;;;;;;;;;;;;;;;;;;;;;;;;;;;;;;;;;;;;;;;;;;;;;
57;Uckermark – Barnim I;12;0;0;0;0;0;0;0;0;;;;;;;;;0;;0;;0;;0;;0;;0;;0;;0;;;;;;0;;0;;0;;0;;;;;;;;0;;0;;0;;;;0;;;;0;;0;;0;;;;;;;;;;;;;;;;0;;;;;;;;;;;;;;;;;;;;;;;;;;;;0;;;;;;0;;0;;;;0;;;;;;;;;;;;;;;;;;;;;;;;;;;;;;;;;;;;;;;;;;;;;;;;;;;;;;;;;;;;;;;;;;
58;Oberhavel – Havelland II;12;0;0;0;0;0;0;0;0;;;;;;;;;0;;0;;0;;0;;0;;0;;0;;0;;;;;;0;;0;;0;;0;;0;;;;;;0;;0;;0;;;;0;;;;0;;0;;0;;;;;;;;;;;;;;;;0;;;;;;;;;;;;;;;;;;;;;;;;;;;;0;;;;;;0;;0;;;;0;;;;;;;;;;;;;;;;;;;;;;;;;;;;;;;;;;;;;;;;;;;;;;;;;;;;;;;;;;;;;;;;;;
59;Märkisch-Oderland – Barnim II;12;0;0;0;0;0;0;0;0;;;;;;;;;0;;0;;0;;0;;0;;0;;0;;0;;;;;;0;;0;;0;;0;;;;;;;;0;;0;;0;;;;0;;;;0;;;;0;;;;;;;;;;;;;;;;0;;;;;;;;;;;;;;;;;;;;;;;;;;;;0;;;;;;0;;0;;;;0;;;;;;;;;;;;;;;;;;;;;;;;;;;;;;;;;;;;;;;;;;;;;;;;;;;;;;;;;;;;;;;;;;
60;Brandenburg an der Havel – Potsdam-Mittelmark I – Havelland III – Teltow-Fläming I;12;0;0;0;0;0;0;0;0;;;;;;;;;0;;0;;0;;0;;0;;0;;0;;0;;;;;;0;;0;;0;;0;;0;;;;;;0;;0;;0;;;;0;;;;0;;;;0;;;;;;;;;;;;;;;;0;;;;;;;;;;;;;;;;;;;;;;;;;;;;0;;;;;;0;;0;;;;0;;;;;;;;;;;;;;;;;;;;;;;;;;;;;;;;;;;;;;;;;;;;;;;;;;;;;;;;;;;;;;;;;;
61;Potsdam – Potsdam-Mittelmark II – Teltow-Fläming II;12;0;0;0;0;0;0;0;0;;;;;;;;;0;;0;;0;;0;;0;;0;;0;;0;;;;;;0;;0;;0;;0;;0;;;;;;0;;0;;0;;;;0;;;;0;;0;;0;;;;;;;;;;;;;;;;0;;;;;;;;;;;;;;;;;;;;;;;;;;;;0;;;;;;0;;0;;;;0;;;;;;;;;;;;;;;;;;;;;;;;;;;;;;;;;;;;;;;;;;;;;;;;;;;;;;;;;;;;;;;;;;
62;Dahme-Spreewald – Teltow-Fläming III – Oberspreewald-Lausitz I;12;0;0;0;0;0;0;0;0;;;;;;;;;0;;0;;0;;0;;0;;0;;0;;0;;;;;;0;;0;;0;;0;;0;;;;;;0;;0;;0;;;;0;;;;0;;;;0;;;;;;;;;;;;;;;;0;;;;;;;;;;;;;;;;;;;;;;;;;;;;0;;;;;;0;;0;;;;0;;;;;;;;;;;;;;;;;;;;;;;;;;;;;;;;;;;;;;;;;;;;;;;;;;;;;;;;;;;;;;;;;;
63;Frankfurt (Oder) – Oder-Spree;12;0;0;0;0;0;0;0;0;;;;;;;;;0;;0;;0;;0;;0;;0;;0;;0;;;;;;0;;0;;0;;0;;0;;;;0;;0;;0;;0;;;;0;;;;0;;0;;0;;;;;;;;;;;;;;0;;0;;;;;;;;;;;;;;;;;;;;;;;;;;;;0;;;;;;0;;0;;;;0;;;;;;;;;;;;;;;;;;;;;;;;;;;;;;;;;;;;;;;;;;;;;;;;;;;;;;;;;;;;;;;;;;
64;Cottbus – Spree-Neiße;12;0;0;0;0;0;0;0;0;;;;;;;;;0;;0;;0;;0;;0;;0;;0;;0;;;;;;0;;0;;0;;0;;;;;;;;0;;;;0;;;;0;;;;0;;0;;0;;;;;;;;;;;;;;;;0;;;;;;;;;;;;;;;;;;;;;;;;;;;;0;;;;;;0;;0;;;;0;;;;;;;;;;;;;;;;;;;;;;;;;;;;;;;;;;;;;;;;;;;;;;;;;;;;;;;;;;;;;;;;;;
65;Elbe-Elster – Oberspreewald-Lausitz II;12;0;0;0;0;0;0;0;0;;;;;;;;;0;;0;;0;;0;;0;;0;;0;;0;;;;;;0;;0;;0;;0;;;;;;;;0;;0;;0;;;;0;;;;0;;;;0;;;;;;;;;;;;;;;;0;;;;;;;;;;;;;;;;;;;;;;;;;;;;0;;;;;;;;0;;;;0;;;;;;;;;;;;;;;;;;;;;;;;;;;;;;;;;;;;;;;;;;;;;;;;;;;;;;;;;;;;;;;;;;
12;Brandenburg;99;0;0;0;0;0;0;0;0;;;;;;;;;0;;0;;0;;0;;0;;0;;0;;0;;;;;;0;;0;;0;;0;;0;;;;0;;0;;0;;0;;;;0;;;;0;;0;;0;;;;;;;;;;;;;;0;;0;;;;;;;;;;;;;;;;;;;;;;;;;;;;0;;;;;;0;;0;;;;0;;;;;;;;;;;;;;;;;;;;;;;;;;;;;;;;;;;;;;;;;;;;;;;;;;;;;;;;;;;;;;;;;;
;
66;Altmark;15;0;0;0;0;0;0;0;0;;;;;;;;;0;;0;;0;;0;;0;;0;;0;;0;;;;;;0;;0;;0;;0;;;;;;;;0;;0;;0;;;;;;;;;;;;0;;;;;;;;;;;;;;;;0;;;;;;;;;;;;;;;;;;;;0;;;;;;;;0;;;;0;;;;;;;;;;;;;;;;;;;;0;;;;;;;;;;;;;;;;;;;;;;;;;;;;;;;;;;;;;;;;;;;;;;;;;;;;;;
67;Börde – Jerichower Land;15;0;0;0;0;0;0;0;0;;;;;;;;;0;;0;;0;;0;;0;;0;;0;;0;;;;;;0;;0;;;;0;;;;;;0;;0;;0;;0;;;;;;;;;;;;0;;;;;;;;;;;;;;;;0;;;;;;;;;;;;;;;;;;;;0;;;;;;;;0;;;;0;;;;;;;;;;;;;;;;;;;;0;;;;;;;;;;;;;;;;;;;;;;;;;;;;;;;;;;;;;;;;;;;;;;;;;;;;;;
68;Harz;15;0;0;0;0;0;0;0;0;;;;;;;;;0;;0;;0;;0;;0;;0;;0;;0;;;;;;0;;0;;0;;0;;;;;;;;0;;0;;0;;;;;;;;;;;;0;;;;;;;;;;;;;;0;;0;;;;;;;;;;;;;;;;;;;;0;;;;;;;;0;;;;0;;;;;;;;;;;;;;;;;;;;0;;;;;;;;;;;;;;;;;;;;;;;;;;;;;;;;;;;;;;;;;;;;;;;;;;;;;;
69;Magdeburg;15;0;0;0;0;0;0;0;0;;;;;;;;;0;;0;;0;;0;;0;;0;;0;;0;;;;;;0;;0;;0;;0;;;;;;0;;0;;0;;0;;;;;;;;;;;;0;;;;;;;;;;;;;;0;;0;;;;;;;;;;;;;;;;;;0;;0;;;;;;;;0;;;;0;;;;;;;;;;;;;;;;;;0;;0;;;;;;;;;;;;;;;;;;;;;;;;;;;;;;;;;;;;;;;;;;;;;;;;;;;;;;
70;Dessau – Wittenberg;15;0;0;0;0;0;0;0;0;;;;;;;;;0;;0;;0;;0;;0;;0;;0;;0;;;;;;0;;0;;0;;0;;;;;;0;;0;;0;;0;;;;;;;;;;;;0;;;;;;;;;;;;;;;;0;;;;;;;;;;;;;;;;;;;;0;;;;;;;;0;;;;0;;;;;;;;;;;;;;;;;;;;0;;;;;;;;;;;;;;;;;;;;;;;;;;;;;;;;;;;;;;;;;;;;;;;;;;;;;;
71;Anhalt;15;0;0;0;0;0;0;0;0;;;;;;;;;0;;0;;0;;0;;0;;0;;0;;0;;;;;;0;;0;;0;;0;;;;;;0;;0;;0;;0;;;;;;;;;;;;0;;;;;;;;;;;;;;0;;0;;;;;;;;;;;;;;;;;;;;0;;;;;;;;0;;;;0;;;;;;;;;;;;;;;;;;;;0;;;;;;;;;;;;;;;;;;;;;;;;;;;;;;;;;;;;;;;;;;;;;;;;;;;;;;
72;Halle;15;0;0;0;0;0;0;0;0;;;;;;;;;0;;0;;0;;0;;0;;0;;0;;0;;;;;;0;;0;;0;;0;;;;;;;;0;;0;;0;;;;;;;;;;0;;0;;;;;;;;;;;;;;0;;0;;;;;;;;;;;;;;;;;;;;0;;;;;;;;0;;;;0;;;;;;;;;;;;;;;;;;;;0;;;;;;;;;;;;;;;;;;;;;;;;;;;;;;;;;;;;;;;;;;;;;;;;;;;;;;
73;Burgenland – Saalekreis;15;0;0;0;0;0;0;0;0;;;;;;;;;0;;0;;0;;0;;0;;0;;0;;0;;;;;;0;;0;;0;;0;;;;;;0;;0;;0;;0;;;;;;;;;;;;0;;;;;;;;;;;;;;;;0;;;;;;;;;;;;;;;;;;;;0;;;;;;;;0;;;;0;;;;;;;;;;;;;;;;;;;;0;;;;;;;;;;;;;;;;;;;;;;;;;;;;;;;;;;;;;;;;;;;;;;;;;;;;;;
74;Mansfeld;15;0;0;0;0;0;0;0;0;;;;;;;;;0;;0;;0;;0;;0;;0;;0;;0;;;;;;0;;0;;0;;0;;;;;;0;;0;;;;0;;;;;;;;;;;;0;;;;;;;;;;;;;;;;0;;;;;;;;;;;;;;;;;;;;0;;;;;;;;0;;;;0;;;;;;;;;;;;;;;;;;;;0;;;;;;;;;;;;;;;;;;;;;;;;;;;;;;;;;;;;;;;;;;;;;;;;;;;;;;
15;Sachsen-Anhalt;99;0;0;0;0;0;0;0;0;;;;;;;;;0;;0;;0;;0;;0;;0;;0;;0;;;;;;0;;0;;0;;0;;;;;;0;;0;;0;;0;;;;;;;;;;0;;0;;;;;;;;;;;;;;0;;0;;;;;;;;;;;;;;;;;;0;;0;;;;;;;;0;;;;0;;;;;;;;;;;;;;;;;;0;;0;;;;;;;;;;;;;;;;;;;;;;;;;;;;;;;;;;;;;;;;;;;;;;;;;;;;;;
;
75;Berlin-Mitte;11;0;0;0;0;0;0;0;0;;;;;;;;;0;;0;;0;;0;;0;;0;;0;;0;;;;;;0;;0;;0;;0;;;;0;;;;;;0;;0;;;;0;;0;;0;;0;;0;;;;;;;;;;;;;;0;;0;;0;;0;;0;;0;;;;;;;;;;;;;;;;0;;;;0;;;;0;;;;0;;;;0;;;;0;;;;0;;;;;;;;0;;;;;;;;0;;;;0;;;;;;;;;;;;;;;;;;;;;;;;;;;;;;;;;;;;;;
76;Berlin-Pankow;11;0;0;0;0;0;0;0;0;;;;;;;;;0;;0;;0;;0;;0;;0;;0;;0;;;;;;0;;0;;0;;0;;;;0;;;;;;0;;0;;;;0;;0;;0;;0;;0;;;;;;;;;;;;;;;;0;;0;;0;;;;0;;;;;;;;;;;;;;;;0;;;;0;;;;0;;;;0;;;;0;;;;0;;;;0;;;;;;;;0;;;;;;;;0;;;;0;;;;;;;;;;;;;;;;;;;;;;;;;;;;;;;;;;;;;;
77;Berlin-Reinickendorf;11;0;0;0;0;0;0;0;0;;;;;;;;;0;;0;;0;;0;;0;;0;;0;;0;;;;;;0;;0;;0;;0;;;;0;;;;;;;;0;;;;0;;;;0;;0;;0;;;;;;;;;;;;;;;;0;;0;;0;;;;0;;;;;;;;;;;;;;;;0;;;;0;;;;0;;;;0;;;;0;;0;;0;;;;0;;;;;;;;0;;;;;;;;0;;;;0;;;;;;;;;;;;;;;;;;;;;;;;;;;;;;;;;;;;;;
78;Berlin-Spandau – Charlottenburg Nord;11;0;0;0;0;0;0;0;0;;;;;;;;;0;;0;;0;;0;;0;;0;;0;;0;;;;;;0;;0;;0;;0;;;;0;;;;;;;;0;;;;0;;0;;0;;0;;0;;;;;;;;;;;;;;0;;0;;;;0;;;;0;;;;;;;;;;;;;;;;0;;;;0;;;;0;;;;0;;;;0;;;;0;;;;0;;;;;;;;0;;;;;;;;0;;;;0;;;;;;;;;;;;;;;;;;;;;;;;;;;;;;;;;;;;;;
79;Berlin-Steglitz-Zehlendorf;11;0;0;0;0;0;0;0;0;;;;;;;;;0;;0;;0;;0;;0;;0;;0;;0;;;;;;0;;0;;0;;0;;;;0;;;;;;;;0;;;;0;;;;0;;0;;0;;;;;;;;;;;;;;;;0;;0;;0;;;;0;;;;;;;;;;;;;;;;0;;;;0;;;;0;;;;0;;;;0;;;;0;;;;0;;;;;;;;0;;;;;;;;0;;;;0;;;;;;;;;;;;;;;;;;0;;;;;;;;;;;;;;;;;;;;
80;Berlin-Charlottenburg-Wilmersdorf;11;0;0;0;0;0;0;0;0;;;;;;;;;0;;0;;0;;0;;0;;0;;0;;0;;;;;;0;;0;;0;;0;;;;0;;;;;;;;0;;;;0;;;;0;;0;;0;;;;;;;;;;;;;;;;0;;0;;0;;;;0;;;;;;;;;;;;;;;;0;;;;0;;;;0;;;;0;;;;0;;;;0;;;;0;;;;;;;;0;;;;;;;;0;;;;0;;;;;;;;;;;;;;;;;;;;;;;;;;;;;;;;;;;;;;
81;Berlin-Tempelhof-Schöneberg;11;0;0;0;0;0;0;0;0;;;;;;;;;0;;0;;0;;0;;0;;0;;0;;0;;;;;;0;;0;;0;;0;;0;;0;;;;;;;;0;;;;0;;;;0;;0;;0;;;;;;;;;;;;;;;;0;;0;;0;;0;;0;;;;;;;;;;;;;;;;0;;;;0;;;;0;;;;0;;;;0;;;;0;;;;0;;;;;;0;;0;;;;;;;;0;;;;0;;;;;;;;;;;;;;;;;;;;;;;;;;;;;;;;;;;;;;
82;Berlin-Neukölln;11;0;0;0;0;0;0;0;0;;;;;;;;;0;;0;;0;;0;;0;;0;;0;;0;;;;;;0;;0;;0;;0;;;;0;;0;;;;;;0;;;;0;;;;0;;0;;0;;;;;;;;;;;;;;0;;0;;0;;0;;;;0;;;;;;;;;;;;;;;;0;;;;0;;;;0;;;;0;;;;0;;0;;0;;;;0;;;;;;;;0;;;;;;;;0;;;;0;;;;;;;;;;;;;;;;;;;;;;0;;;;;;;;;;;;;;;;
83;Berlin-Friedrichshain-Kreuzberg – Prenzlauer Berg Ost;11;0;0;0;0;0;0;0;0;;;;;;;;;0;;0;;0;;0;;0;;0;;0;;0;;;;;;0;;0;;0;;0;;;;0;;;;;;0;;0;;;;0;;;;0;;0;;0;;;;;;;;;;;;;;0;;0;;;;0;;;;0;;;;;;;;;;;;;;0;;0;;;;0;;;;0;;;;0;;;;0;;;;0;;0;;0;;;;;;;;0;;;;;;;;0;;;;0;;;;;;;;;;;;;;;;;;;;;;;;;;;;;;;;;;;;;;
84;Berlin-Treptow-Köpenick;11;0;0;0;0;0;0;0;0;;;;;;;;;0;;0;;0;;0;;0;;0;;0;;0;;;;;;0;;0;;0;;0;;;;0;;0;;;;0;;0;;;;0;;;;0;;0;;0;;;;;;;;;;;;;;0;;0;;0;;0;;;;0;;;;;;;;;;;;;;;;0;;;;0;;;;0;;;;0;;;;0;;;;0;;;;0;;;;;;;;0;;;;;;;;0;;;;0;;;;;;;;;;;;;;;;;;;;;;;;;;;;;;;;;;;;;;
85;Berlin-Marzahn-Hellersdorf;11;0;0;0;0;0;0;0;0;;;;;;;;;0;;0;;0;;0;;0;;0;;0;;0;;;;;;0;;0;;0;;0;;;;0;;0;;;;0;;0;;;;0;;;;0;;;;0;;;;;;;;;;;;;;;;0;;;;0;;;;0;;;;;;;;;;;;;;;;0;;;;0;;;;0;;;;0;;;;0;;0;;0;;;;0;;;;;;;;0;;;;;;;;0;;;;0;;;;;;;;;;;;;;;;;;;;;;0;;;;;;;;;;;;;;;;
86;Berlin-Lichtenberg;11;0;0;0;0;0;0;0;0;;;;;;;;;0;;0;;0;;0;;0;;0;;0;;0;;;;;;0;;0;;0;;0;;0;;0;;0;;;;;;0;;;;0;;;;0;;0;;0;;;;;;;;;;;;;;0;;0;;;;0;;;;0;;;;;;;;;;;;;;;;0;;;;0;;;;0;;;;0;;;;0;;;;0;;;;0;;;;;;;;0;;;;;;0;;0;;;;0;;;;;;;;;;;;;;;;;;;;;;;;;;;;;;;;;;;;;;
11;Berlin;99;0;0;0;0;0;0;0;0;;;;;;;;;0;;0;;0;;0;;0;;0;;0;;0;;;;;;0;;0;;0;;0;;0;;0;;0;;;;0;;0;;;;0;;0;;0;;0;;0;;;;;;;;;;;;;;0;;0;;0;;0;;0;;0;;;;;;;;;;;;;;0;;0;;;;0;;;;0;;;;0;;;;0;;0;;0;;0;;0;;;;;;0;;0;;;;;;0;;0;;;;0;;;;;;;;;;;;;;;;;;0;;;;0;;;;;;;;;;;;;;;;
;
87;Aachen I;5;0;0;0;0;0;0;0;0;;;;;;;;;0;;0;;0;;0;;0;;0;;0;;0;;;;;;0;;0;;0;;0;;0;;0;;;;0;;;;0;;;;0;;0;;0;;;;0;;;;;;;;0;;;;;;;;0;;;;;;;;0;;;;;;;;0;;;;;;;;;;;;0;;;;0;;;;0;;;;0;;;;;;;;;;;;;;;;;;;;0;;;;0;;;;0;;;;;;;;;;;;;;;;;;;;;;;;;;;;;;;;;;;;;;
88;Aachen II;5;0;0;0;0;0;0;0;0;;;;;;;;;0;;0;;0;;0;;0;;0;;0;;0;;;;;;0;;0;;0;;0;;0;;0;;;;0;;;;0;;;;0;;0;;0;;;;0;;;;;;;;0;;;;;;;;0;;;;;;;;0;;;;;;;;0;;;;;;;;;;;;0;;;;0;;;;0;;;;0;;;;;;;;;;;;;;;;;;;;0;;;;0;;;;0;;;;;;;;;;;;;;;;;;;;;;;;;;;;;;;;;;;;;;
89;Heinsberg;5;0;0;0;0;0;0;0;0;;;;;;;;;0;;0;;0;;0;;0;;0;;0;;0;;;;;;0;;0;;0;;0;;0;;0;;;;0;;0;;0;;;;0;;;;0;;;;0;;;;;;;;0;;;;;;;;0;;;;;;;;0;;;;;;;;0;;;;;;;;;;;;0;;;;0;;;;0;;;;0;;;;;;;;;;;;;;;;;;;;0;;;;0;;;;0;;;;;;;;;;;;;;;;;;;;;;;;;;;;;;;;;;;;;;
90;Düren;5;0;0;0;0;0;0;0;0;;;;;;;;;0;;0;;0;;0;;0;;0;;0;;0;;;;;;0;;0;;0;;0;;0;;0;;;;0;;0;;0;;;;0;;;;0;;;;0;;;;;;;;0;;;;;;;;0;;;;;;;;0;;;;;;;;0;;;;;;;;;;;;0;;;;0;;;;0;;;;0;;;;;;;;;;;;;;;;;;;;0;;;;0;;;;0;;;;;;;;;;;;;;;;;;;;;;;;;;;;;;;;;;;;;;
91;Rhein-Erft-Kreis I;5;0;0;0;0;0;0;0;0;;;;;;;;;0;;0;;0;;0;;0;;0;;0;;0;;;;;;0;;0;;0;;0;;0;;0;;;;0;;;;0;;;;0;;;;0;;;;0;;;;;;;;0;;;;;;;;0;;;;;;;;0;;;;;;;;0;;;;;;;;;;;;0;;;;0;;;;0;;;;0;;;;;;;;;;;;;;;;;;;;0;;;;0;;;;0;;;;;;;;;;;;;;;;;;;;;;;;;;;;;;;;;;;;;;
92;Euskirchen – Rhein-Erft-Kreis II;5;0;0;0;0;0;0;0;0;;;;;;;;;0;;0;;0;;0;;0;;0;;0;;0;;;;;;0;;0;;0;;0;;;;0;;;;0;;;;0;;;;0;;;;0;;;;0;;;;;;;;0;;;;;;;;0;;;;;;;;0;;;;;;;;0;;;;;;;;;;;;0;;;;0;;;;0;;;;0;;;;;;;;;;;;;;;;;;;;0;;;;0;;;;0;;;;;;;;;;;;;;;;;;;;;;;;;;;;;;;;;;;;;;
93;Köln I;5;0;0;0;0;0;0;0;0;;;;;;;;;0;;0;;0;;0;;0;;0;;0;;0;;;;;;0;;0;;0;;0;;;;0;;;;0;;;;0;;;;0;;;;0;;0;;0;;;;;;;;0;;;;;;0;;0;;;;;;;;0;;;;;;;;0;;;;;;;;;;;;0;;;;0;;;;0;;;;0;;;;;;;;;;;;;;;;;;;;0;;;;0;;;;0;;;;;;;;;;;;;;;;;;;;;;;;;;;;;;;;;;;;;;
94;Köln II;5;0;0;0;0;0;0;0;0;;;;;;;;;0;;0;;0;;0;;0;;0;;0;;0;;;;;;0;;0;;0;;0;;;;0;;;;0;;;;0;;;;0;;;;0;;0;;0;;;;;;;;0;;;;;;0;;0;;;;;;;;0;;;;;;;;0;;;;;;;;;;;;0;;;;0;;;;0;;;;0;;;;;;;;;;;;;;;;;;;;0;;;;0;;;;0;;;;;;;;;;;;;;;;;;;;;;;;;;;;;;;;;;;;;;
95;Köln III;5;0;0;0;0;0;0;0;0;;;;;;;;;0;;0;;0;;0;;0;;0;;0;;0;;;;;;0;;0;;0;;0;;;;0;;;;0;;;;0;;;;0;;;;0;;0;;0;;;;;;;;0;;;;;;0;;0;;;;;;;;0;;;;;;;;0;;;;;;;;;;;;0;;;;0;;;;0;;;;0;;;;;;;;;;;;;;;;;;;;0;;;;0;;;;0;;;;;;;;;;;;;;;;;;;;;;;;;;;;;;;;;;;;;;
96;Bonn;5;0;0;0;0;0;0;0;0;;;;;;;;;0;;0;;0;;0;;0;;0;;0;;0;;;;;;0;;0;;0;;0;;0;;0;;;;0;;0;;0;;;;0;;;;0;;0;;0;;;;;;;;0;;;;;;;;0;;;;;;;;0;;;;;;;;0;;;;;;;;;;;;0;;;;0;;;;0;;;;0;;;;;;;;;;;;;;;;;;;;0;;;;0;;;;0;;;;;;;;;;;;;;;;;;;;;;;;;;;;;;;;;;;;;;
97;Rhein-Sieg-Kreis I;5;0;0;0;0;0;0;0;0;;;;;;;;;0;;0;;0;;0;;0;;0;;0;;0;;;;;;0;;0;;;;0;;;;0;;;;0;;;;0;;;;0;;;;0;;;;0;;;;;;0;;0;;;;;;;;0;;;;;;;;0;;;;;;;;0;;;;;;;;;;;;0;;;;0;;;;0;;;;0;;;;;;;;;;;;;;;;;;;;0;;;;0;;;;0;;;;;;;;;;;;;;;;;;;;;;;;;;;;;;;;;;;;;;
98;Rhein-Sieg-Kreis II;5;0;0;0;0;0;0;0;0;;;;;;;;;0;;0;;0;;0;;0;;0;;0;;0;;;;;;0;;0;;0;;0;;;;0;;;;0;;;;0;;;;0;;;;0;;;;0;;;;;;0;;0;;;;;;;;0;;;;;;;;0;;;;;;;;0;;;;;;;;;;;;0;;;;0;;;;0;;;;0;;;;;;;;;;;;;;;;;;;;0;;;;0;;;;0;;;;;;;;;;;;;;;;;;;;;;;;;;;;;;;;;;;;;;
99;Oberbergischer Kreis;5;0;0;0;0;0;0;0;0;;;;;;;;;0;;0;;0;;0;;0;;0;;0;;0;;;;;;0;;0;;0;;0;;;;0;;;;0;;;;0;;;;0;;;;0;;;;0;;;;;;;;0;;;;;;;;0;;;;;;;;0;;;;;;;;0;;;;;;;;;;;;0;;;;0;;;;0;;;;0;;;;;;;;;;;;;;;;;;;;0;;;;0;;;;0;;;;;;;;;;;;;;;;;;;;;;;;;;;;;;;;;;;;;;
100;Rheinisch-Bergischer Kreis;5;0;0;0;0;0;0;0;0;;;;;;;;;0;;0;;0;;0;;0;;0;;0;;0;;;;;;0;;0;;0;;0;;;;0;;;;0;;0;;0;;;;0;;;;0;;;;0;;;;;;;;0;;;;;;;;0;;;;;;;;0;;;;;;;;0;;;;;;;;;;;;0;;;;0;;;;0;;;;0;;;;;;;;;;;;;;;;;;;;0;;;;0;;;;0;;;;;;;;;;;;;;;;;;;;;;;;;;;;;;;;;;;;;;
101;Leverkusen – Köln IV;5;0;0;0;0;0;0;0;0;;;;;;;;;0;;0;;0;;0;;0;;0;;0;;0;;;;;;0;;0;;0;;0;;;;0;;;;0;;;;0;;;;0;;;;0;;0;;0;;;;;;;;0;;;;;;0;;0;;;;;;;;0;;;;;;;;0;;;;;;;;;;;;0;;;;0;;;;0;;;;0;;;;;;;;;;;;;;;;;;;;0;;;;0;;;;0;;;;;;;;;;;;;;;;;;;;;;;;;;;;;;;;;;;;;;
102;Wuppertal I;5;0;0;0;0;0;0;0;0;;;;;;;;;0;;0;;0;;0;;0;;0;;0;;0;;;;;;0;;0;;0;;0;;0;;0;;;;0;;;;0;;;;0;;;;0;;0;;0;;;;;;;;0;;;;;;0;;0;;;;;;;;0;;;;;;;;0;;;;;;;;;;;;0;;;;0;;;;0;;;;0;;;;;;;;;;;;;;;;;;;;0;;;;0;;;;0;;;;;;;;;;;;;;;;;;;;;;;;;;;;;;;;;;;;;;
103;Solingen – Remscheid – Wuppertal II;5;0;0;0;0;0;0;0;0;;;;;;;;;0;;0;;0;;0;;0;;0;;0;;0;;;;;;0;;0;;0;;0;;;;0;;;;0;;;;0;;;;0;;;;0;;0;;0;;;;;;;;0;;;;;;0;;0;;;;;;;;0;;;;;;;;0;;;;;;;;;;;;0;;;;0;;;;0;;;;0;;;;;;;;;;;;;;;;;;;;0;;;;0;;;;0;;;;;;;;;;;;;;;;;;;;;;;;;;;;;;;;;;;;;;
104;Mettmann I;5;0;0;0;0;0;0;0;0;;;;;;;;;0;;0;;0;;0;;0;;0;;0;;0;;;;;;0;;0;;0;;0;;;;0;;;;0;;;;0;;;;0;;;;0;;;;0;;;;;;;;0;;;;;;;;0;;;;;;;;0;;;;;;;;0;;;;;;;;;;;;0;;;;0;;;;0;;;;0;;;;;;;;;;;;;;;;;;;;0;;;;0;;;;0;;;;;;;;;;;;;;;;;;;;;;;;;;;;;;;;;;;;;;
105;Mettmann II;5;0;0;0;0;0;0;0;0;;;;;;;;;0;;0;;0;;0;;0;;0;;0;;0;;;;;;0;;0;;0;;0;;0;;0;;;;0;;;;0;;;;0;;;;0;;;;0;;;;;;;;0;;;;;;;;0;;;;;;;;0;;;;;;;;0;;;;;;;;;;;;0;;;;0;;;;0;;;;0;;;;;;;;;;;;;;;;;;;;0;;;;0;;;;0;;;;;;;;;;;;;;;;;;;;;;;;;;;;;;;;;;;;;;
106;Düsseldorf I;5;0;0;0;0;0;0;0;0;;;;;;;;;0;;0;;0;;0;;0;;0;;0;;0;;;;;;0;;0;;0;;0;;;;0;;;;0;;;;0;;;;0;;;;0;;;;0;;;;;;;;0;;;;;;0;;0;;;;;;;;0;;;;;;;;0;;;;;;;;;;;;0;;;;0;;;;0;;;;0;;;;;;;;;;;;;;;;;;;;0;;;;0;;;;0;;;;;;;;;;;;;;;;;;;;;;;;;;;;;;;;;;;;;;
107;Düsseldorf II;5;0;0;0;0;0;0;0;0;;;;;;;;;0;;0;;0;;0;;0;;0;;0;;0;;;;;;0;;0;;0;;0;;;;0;;;;0;;;;0;;;;0;;;;0;;;;0;;;;;;;;0;;;;;;0;;0;;;;;;;;0;;;;;;;;0;;;;;;;;;;;;0;;;;0;;;;0;;;;0;;;;;;;;;;;;;;;;;;;;0;;;;0;;;;0;;;;;;;;;;;;;;;;;;;;;;;;;;;;;;;;;;;;;;
108;Neuss I;5;0;0;0;0;0;0;0;0;;;;;;;;;0;;0;;0;;0;;0;;0;;0;;0;;;;;;0;;0;;0;;0;;;;0;;;;0;;0;;0;;;;0;;;;0;;;;0;;;;;;;;0;;;;;;;;0;;;;;;;;0;;;;;;;;0;;;;;;;;;;;;0;;;;0;;;;0;;;;0;;;;;;;;;;;;;;;;;;;;0;;;;0;;;;0;;;;;;;;;;;;;;;;;;;;;;;;;;;;;;;;;;;;;;
109;Mönchengladbach;5;0;0;0;0;0;0;0;0;;;;;;;;;0;;0;;0;;0;;0;;0;;0;;0;;;;;;0;;0;;0;;0;;;;0;;;;0;;;;0;;;;0;;;;0;;0;;0;;;;;;;;0;;;;;;;;0;;;;;;;;0;;;;;;;;0;;;;;;;;;;;;0;;;;0;;;;0;;;;0;;;;;;;;;;;;;;;;;;;;0;;;;0;;;;0;;;;;;;;;;;;;;;;;;;;;;;;;;;;;;;;;;;;;;
110;Krefeld I – Neuss II;5;0;0;0;0;0;0;0;0;;;;;;;;;0;;0;;0;;0;;0;;0;;0;;0;;;;;;0;;0;;0;;0;;;;0;;;;0;;;;0;;;;0;;;;0;;0;;0;;;;;;;;0;;;;;;0;;0;;;;;;;;0;;;;;;;;0;;;;;;;;;;;;0;;;;0;;;;0;;;;0;;;;;;;;;;;;;;;;;;;;0;;;;0;;;;0;;;;;;;;;;;;;;;;;;;;;;;;;;;;;;;;;;;;;;
111;Viersen;5;0;0;0;0;0;0;0;0;;;;;;;;;0;;0;;0;;0;;0;;0;;0;;0;;;;;;0;;0;;0;;0;;;;0;;;;0;;;;0;;;;0;;;;0;;;;0;;;;;;;;0;;;;;;;;0;;;;;;;;0;;;;;;;;0;;;;;;;;;;;;0;;;;0;;;;0;;;;0;;;;;;;;;;;;;;;;;;;;0;;;;0;;;;0;;;;;;;;;;;;;;;;;;;;;;;;;;;;;;;;;;;;;;
112;Kleve;5;0;0;0;0;0;0;0;0;;;;;;;;;0;;0;;0;;0;;0;;0;;0;;0;;;;;;0;;0;;0;;0;;;;0;;;;0;;0;;0;;;;0;;;;0;;;;0;;;;;;;;0;;;;;;;;0;;;;;;;;0;;;;;;;;0;;;;;;;;;;;;0;;;;0;;;;0;;;;0;;;;;;;;;;;;;;;;;;;;0;;;;0;;;;0;;;;;;;;;;;;;;;;;;;;;;;;;;;;;;;;;;;;;;
113;Wesel I;5;0;0;0;0;0;0;0;0;;;;;;;;;0;;0;;0;;0;;0;;0;;0;;0;;;;;;0;;0;;0;;0;;;;0;;;;0;;;;0;;;;0;;;;0;;;;0;;;;;;;;0;;;;;;0;;0;;;;;;;;0;;;;;;;;0;;;;;;;;;;;;0;;;;0;;;;0;;;;0;;;;;;;;;;;;;;;;;;;;0;;;;0;;;;0;;;;;;;;;;;;;;;;;;;;;;;;;;;;;;;;;;;;;;
114;Krefeld II – Wesel II;5;0;0;0;0;0;0;0;0;;;;;;;;;0;;0;;0;;0;;0;;0;;0;;0;;;;;;0;;0;;0;;0;;0;;0;;;;0;;;;0;;;;0;;;;0;;0;;0;;;;;;;;0;;;;;;0;;0;;;;;;;;0;;;;;;;;0;;;;;;;;;;;;0;;;;0;;;;0;;;;0;;;;;;;;;;;;;;;;;;;;0;;;;0;;;;0;;;;;;;;;;;;;;;;;;;;;;;;;;;;;;;;;;;;;;
115;Duisburg I;5;0;0;0;0;0;0;0;0;;;;;;;;;0;;0;;0;;0;;0;;0;;0;;0;;;;;;0;;0;;0;;0;;0;;0;;;;0;;;;0;;;;0;;;;0;;;;0;;;;;;;;0;;;;;;0;;0;;;;;;;;0;;;;;;;;0;;;;;;;;;;;;0;;;;0;;;;0;;;;0;;;;;;;;;;;;;;;;;;;;0;;;;0;;;;0;;;;;;;;;;;;;;;;;;;;;;;;;;;;;;;;;;;;;;
116;Duisburg II;5;0;0;0;0;0;0;0;0;;;;;;;;;0;;0;;0;;0;;0;;0;;0;;0;;;;;;0;;0;;0;;0;;;;0;;;;0;;;;0;;;;0;;;;0;;;;0;;;;;;;;0;;;;;;0;;0;;;;;;;;0;;;;;;;;0;;;;;;;;;;;;0;;;;0;;;;0;;;;0;;;;;;;;;;;;;;;;;;;;0;;;;0;;;;0;;;;;;;;;;;;;;;;;;;;;;;;;;;;;;;;;;;;;;
117;Oberhausen – Wesel III;5;0;0;0;0;0;0;0;0;;;;;;;;;0;;0;;0;;0;;0;;0;;0;;0;;;;;;0;;0;;0;;0;;;;0;;;;0;;;;0;;;;0;;;;0;;;;0;;;;;;;;0;;;;;;0;;0;;;;;;;;0;;;;;;;;0;;;;;;;;;;;;0;;;;0;;;;0;;;;0;;;;;;;;;;;;;;;;;;;;0;;;;0;;;;0;;;;;;;;;;0;;;;;;;;;;;;;;;;;;;;;;;;;;;;
118;Mülheim – Essen I;5;0;0;0;0;0;0;0;0;;;;;;;;;0;;0;;0;;0;;0;;0;;0;;0;;;;;;0;;0;;0;;0;;;;0;;;;0;;;;0;;;;0;;;;0;;;;0;;;;;;;;0;;;;;;0;;0;;;;;;;;0;;;;;;;;0;;;;;;;;;;;;0;;;;0;;;;0;;;;0;;;;;;;;;;;;;;;;;;;;0;;;;0;;;;0;;;;;;;;;;0;;;;;;;;;;;;;;;;;;;;;;;;;;;;
119;Essen II;5;0;0;0;0;0;0;0;0;;;;;;;;;0;;0;;0;;0;;0;;0;;0;;0;;;;;;0;;0;;0;;0;;;;0;;;;0;;;;0;;;;0;;;;0;;;;0;;;;;;;;0;;;;;;0;;0;;;;;;;;0;;;;;;;;0;;;;;;;;;;;;0;;;;0;;0;;0;;;;0;;;;;;;;;;;;;;;;;;;;0;;;;0;;;;0;;;;;;;;;;;;;;;;;;;;;;;;;;;;;;;;;;;;;;
120;Essen III;5;0;0;0;0;0;0;0;0;;;;;;;;;0;;0;;0;;0;;0;;0;;0;;0;;;;;;0;;0;;0;;0;;;;0;;;;0;;;;0;;;;0;;;;0;;;;0;;;;;;;;0;;;;;;0;;0;;;;;;;;0;;;;;;;;0;;;;;;;;;;;;0;;;;0;;0;;0;;;;0;;;;;;;;;;;;;;;;;;;;0;;;;0;;;;0;;;;;;;;;;;;;;;;;;;;;;;;;;;;;;;;;;;;;;
121;Recklinghausen I;5;0;0;0;0;0;0;0;0;;;;;;;;;0;;0;;0;;0;;0;;0;;0;;0;;;;;;0;;0;;0;;0;;;;0;;;;0;;;;0;;;;0;;;;0;;;;0;;;;;;;;0;;;;;;0;;0;;;;;;;;0;;;;;;;;0;;;;;;;;;;;;0;;;;0;;;;0;;;;0;;;;;;;;;;;;;;;;;;;;0;;;;0;;;;0;;;;;;;;;;;;;;;;;;;;;;;;;;;;;;;;;;;;;;
122;Recklinghausen II;5;0;0;0;0;0;0;0;0;;;;;;;;;0;;0;;0;;0;;0;;0;;0;;0;;;;;;0;;0;;;;0;;;;0;;;;0;;;;0;;;;0;;;;0;;;;0;;;;;;;;0;;;;;;0;;0;;;;;;;;0;;;;;;;;0;;;;;;;;;;;;0;;;;0;;;;0;;;;0;;;;;;;;;;;;;;;;;;;;0;;;;0;;;;0;;;;;;;;;;;;;;;;;;;;;;;;;;;;;;;;;;;;;;
123;Gelsenkirchen;5;0;0;0;0;0;0;0;0;;;;;;;;;0;;0;;0;;0;;0;;0;;0;;0;;;;;;0;;0;;0;;0;;;;0;;;;0;;0;;0;;;;0;;;;0;;;;0;;;;;;;;0;;;;;;0;;0;;;;;;;;0;;;;;;;;0;;;;;;;;;;;;0;;;;0;;;;0;;;;0;;;;;;;;;;;;;;;;;;;;0;;;;0;;;;0;;;;;;;;;;;;;;;;;;;;;;;;;;;;;;;;;;;;;;
124;Steinfurt I – Borken I;5;0;0;0;0;0;0;0;0;;;;;;;;;0;;0;;0;;0;;0;;0;;0;;0;;;;;;0;;0;;0;;0;;;;0;;;;0;;;;0;;;;0;;;;0;;;;0;;;;;;;;0;;;;;;;;0;;;;;;;;0;;;;;;;;0;;;;;;;;;;;;0;;;;0;;;;0;;;;0;;;;;;;;;;;;;;;;;;;;0;;;;0;;;;0;;;;;;;;;;;;;;;;;;;;;;;;;;;;;;;;;;;;;;
125;Bottrop – Recklinghausen III;5;0;0;0;0;0;0;0;0;;;;;;;;;0;;0;;0;;0;;0;;0;;0;;0;;;;;;0;;0;;0;;0;;;;0;;;;0;;;;0;;;;0;;;;0;;;;0;;;;;;;;0;;;;;;0;;0;;;;;;;;0;;;;;;;;0;;;;;;;;;;;;0;;;;0;;0;;0;;;;0;;;;;;;;;;;;;;;;;;;;0;;;;0;;;;0;;;;;;;;;;;;;;;;;;;;;;;;;;;;;;;;;;;;;;
126;Borken II;5;0;0;0;0;0;0;0;0;;;;;;;;;0;;0;;0;;0;;0;;0;;0;;0;;;;;;0;;0;;;;0;;;;0;;;;0;;0;;0;;;;0;;;;0;;;;0;;;;;;;;0;;;;;;;;0;;;;;;;;0;;;;;;;;0;;;;;;;;;;;;0;;;;0;;;;0;;;;0;;;;;;;;;;;;;;;;;;;;0;;;;0;;;;0;;;;;;;;;;;;;;;;;;;;;;;;;;;;;;;;;;;;;;
127;Coesfeld – Steinfurt II;5;0;0;0;0;0;0;0;0;;;;;;;;;0;;0;;0;;0;;0;;0;;0;;0;;;;;;0;;0;;;;0;;;;0;;;;0;;;;0;;;;0;;;;0;;;;0;;;;;;;;0;;;;;;;;0;;;;;;;;0;;;;;;;;0;;;;;;;;;;;;0;;;;0;;;;0;;;;0;;;;;;;;;;;;;;;;;;;;0;;;;0;;;;0;;;;;;;;;;;;;;;;;;;;;;;;;;;;;;;;;;;;;;
128;Steinfurt III;5;0;0;0;0;0;0;0;0;;;;;;;;;0;;0;;0;;0;;0;;0;;0;;0;;;;;;0;;0;;0;;0;;;;0;;;;0;;0;;0;;;;0;;;;0;;;;0;;;;;;;;0;;;;;;0;;0;;;;;;;;0;;;;;;;;0;;;;;;;;;;;;0;;;;0;;;;0;;;;0;;;;;;;;;;;;;;;;;;;;0;;;;0;;;;0;;;;;;;;;;;;;;;;;;;;;;;;;;;;;;;;;;;;;;
129;Münster;5;0;0;0;0;0;0;0;0;;;;;;;;;0;;0;;0;;0;;0;;0;;0;;0;;;;;;0;;0;;0;;0;;0;;0;;;;0;;;;0;;;;0;;0;;0;;0;;0;;;;;;;;0;;;;;;0;;0;;;;;;;;0;;;;;;;;0;;;;;;;;;;;;0;;;;0;;0;;0;;;;0;;;;;;;;;;;;;;;;;;;;0;;;;0;;;;0;;;;;;;;;;;;;;;;;;;;;;;;;;;;;;;;;;;;;;
130;Warendorf;5;0;0;0;0;0;0;0;0;;;;;;;;;0;;0;;0;;0;;0;;0;;0;;0;;;;;;0;;0;;0;;0;;;;0;;;;0;;;;0;;;;0;;;;0;;0;;0;;;;;;;;0;;;;;;;;0;;;;;;;;0;;;;;;;;0;;;;;;;;;;;;0;;;;0;;;;0;;;;0;;;;;;;;;;;;;;;;;;;;0;;;;0;;;;0;;;;;;;;;;;;;;;;;;;;;;;;;;;;;;;;;;;;;;
131;Gütersloh I;5;0;0;0;0;0;0;0;0;;;;;;;;;0;;0;;0;;0;;0;;0;;0;;0;;;;;;0;;0;;0;;0;;;;0;;;;0;;0;;0;;;;0;;;;0;;;;0;;;;;;;;0;;;;;;;;0;;;;;;;;0;;;;;;;;0;;;;;;;;;;;;0;;;;0;;;;0;;;;0;;;;;;;;;;;;;;;;;;;;0;;;;0;;;;0;;;;;;;;;;;;;;;;;;;;;;;;;;;;;;;;;;;;;;
132;Bielefeld – Gütersloh II;5;0;0;0;0;0;0;0;0;;;;;;;;;0;;0;;0;;0;;0;;0;;0;;0;;;;;;0;;0;;0;;0;;;;0;;;;0;;;;0;;;;0;;;;0;;0;;0;;;;;;;;0;;;;;;0;;0;;;;;;;;0;;;;;;;;0;;;;;;;;;;;;0;;;;0;;;;0;;;;0;;;;;;;;;;;;;;;;;;;;0;;;;0;;;;0;;;;;;;;;;;;;;;;;;;;;;;;;;;;;;;;;;;;;;
133;Herford – Minden-Lübbecke II;5;0;0;0;0;0;0;0;0;;;;;;;;;0;;0;;0;;0;;0;;0;;0;;0;;;;;;0;;0;;0;;0;;;;0;;;;0;;0;;0;;;;0;;;;0;;;;0;;;;;;;;0;;;;;;;;0;;;;;;;;0;;;;;;;;0;;;;;;;;;;;;0;;;;0;;;;0;;;;0;;;;;;;;;;;;;;;;;;;;0;;;;0;;;;0;;;;;;;;;;;;;;;;;;;;;;;;;;;;;;;;;;;;;;
134;Minden-Lübbecke I;5;0;0;0;0;0;0;0;0;;;;;;;;;0;;0;;0;;0;;0;;0;;0;;0;;;;;;0;;0;;0;;0;;;;0;;;;0;;;;0;;;;0;;;;0;;;;0;;;;;;;;0;;;;;;;;0;;;;;;;;0;;;;;;;;0;;;;;;;;;;;;0;;;;0;;;;0;;;;0;;;;;;;;;;;;;;;;;;;;0;;;;0;;;;0;;;;;;;;;;;;;;;;;;;;;;;;;;;;;;;;;;;;;;
135;Lippe I;5;0;0;0;0;0;0;0;0;;;;;;;;;0;;0;;0;;0;;0;;0;;0;;0;;;;;;0;;0;;0;;0;;;;0;;;;0;;0;;0;;;;0;;;;0;;;;0;;;;;;;;0;;;;;;;;0;;;;;;;;0;;;;;;;;0;;;;;;;;;;;;0;;;;0;;;;0;;;;0;;;;;;;;;;;;;;;;;;;;0;;;;0;;;;0;;;;;;;;;;;;;;;;;;;;;;;;;;;;;;;;;;;;;;
136;Höxter – Lippe II;5;0;0;0;0;0;0;0;0;;;;;;;;;0;;0;;0;;0;;0;;0;;0;;0;;;;;;0;;0;;0;;0;;;;0;;;;0;;0;;0;;;;0;;0;;0;;;;0;;;;;;;;0;;;;;;;;0;;;;;;;;0;;;;;;;;0;;;;;;;;;;;;0;;;;0;;;;0;;;;0;;;;;;;;;;;;;;;;;;;;0;;;;0;;;;0;;;;;;;;;;;;;;;;;;;;;;;;;;;;;;;;;;;;;;
137;Paderborn – Gütersloh III;5;0;0;0;0;0;0;0;0;;;;;;;;;0;;0;;0;;0;;0;;0;;0;;0;;;;;;0;;0;;0;;0;;0;;0;;;;0;;;;0;;;;0;;;;0;;;;0;;;;;;;;0;;;;;;;;0;;;;;;;;0;;;;;;;;0;;;;;;;;;;;;0;;;;0;;;;0;;;;0;;;;;;;;;;;;;;;;;;;;0;;;;0;;;;0;;;;;;;;;;;;;;;;;;;;;;;;;;;;;;;;;;;;;;
138;Hagen – Ennepe-Ruhr-Kreis I;5;0;0;0;0;0;0;0;0;;;;;;;;;0;;0;;0;;0;;0;;0;;0;;0;;;;;;0;;0;;0;;0;;;;0;;;;0;;;;0;;;;0;;;;0;;;;0;;;;;;;;0;;;;;;0;;0;;;;;;;;0;;;;;;;;0;;;;;;;;;;;;0;;;;0;;;;0;;;;0;;;;;;;;;;;;;;;;;;;;0;;;;0;;;;0;;;;;;;;;;;;;;;;;;;;;;;;;;;;;;;;;;;;;;
139;Ennepe-Ruhr-Kreis II;5;0;0;0;0;0;0;0;0;;;;;;;;;0;;0;;0;;0;;0;;0;;0;;0;;;;;;0;;0;;;;0;;0;;0;;;;0;;;;0;;;;0;;;;0;;;;0;;;;;;;;0;;;;;;0;;0;;;;;;;;0;;;;;;;;0;;;;;;;;;;;;0;;;;0;;;;0;;;;0;;;;;;;;;;;;;;;;;;;;0;;;;0;;;;0;;;;;;;;;;;;;;;;;;;;;;;;;;;;;;;;;;;;;;
140;Bochum I;5;0;0;0;0;0;0;0;0;;;;;;;;;0;;0;;0;;0;;0;;0;;0;;0;;;;;;0;;0;;0;;0;;;;0;;;;0;;;;0;;;;0;;;;0;;;;0;;;;;;;;0;;;;;;0;;0;;;;;;;;0;;;;;;;;0;;;;;;;;;;;;0;;;;0;;;;0;;;;0;;;;;;;;;;;;;;;;;;;;0;;;;0;;;;0;;;;;;;;;;;;;;;;;;;;;;;;;;;;;;;;;;;;;;
141;Herne – Bochum II;5;0;0;0;0;0;0;0;0;;;;;;;;;0;;0;;0;;0;;0;;0;;0;;0;;;;;;0;;0;;0;;0;;;;0;;;;0;;;;0;;;;0;;;;0;;;;0;;;;;;;;0;;;;;;0;;0;;;;;;;;0;;;;;;;;0;;;;;;;;;;;;0;;;;0;;;;0;;;;0;;;;;;;;;;;;;;;;;;;;0;;;;0;;;;0;;;;;;;;;;;;;;;;;;;;;;;;;;;;;;;;;;;;;;
142;Dortmund I;5;0;0;0;0;0;0;0;0;;;;;;;;;0;;0;;0;;0;;0;;0;;0;;0;;;;;;0;;0;;0;;0;;0;;0;;;;0;;0;;0;;;;0;;;;0;;;;0;;;;;;;;0;;;;;;0;;0;;;;;;;;0;;;;;;;;0;;;;;;;;;;;;0;;;;0;;;;0;;;;0;;;;;;;;;;;;;;;;;;;;0;;;;0;;;;0;;;;;;;;;;;;;;;;;;;;;;;;;;;;;;;;;;;;;;
143;Dortmund II;5;0;0;0;0;0;0;0;0;;;;;;;;;0;;0;;0;;0;;0;;0;;0;;0;;;;;;0;;0;;0;;0;;;;0;;;;0;;0;;0;;;;0;;;;0;;;;0;;;;;;;;0;;;;;;;;0;;;;;;;;0;;;;;;;;0;;;;;;;;;;;;0;;;;0;;;;0;;;;0;;;;;;;;;;;;;;;;;;;;0;;;;0;;;;0;;;;;;;;;;;;;;;;;;;;;;;;;;;;;;;;;;;;;;
144;Unna I;5;0;0;0;0;0;0;0;0;;;;;;;;;0;;0;;0;;0;;0;;0;;0;;0;;;;;;0;;0;;0;;0;;0;;0;;;;0;;0;;0;;;;0;;;;0;;;;0;;;;;;;;0;;;;;;0;;0;;;;;;;;0;;;;;;;;0;;;;;;;;;;;;0;;;;0;;;;0;;;;0;;;;;;;;;;;;;;;;;;;;0;;;;0;;;;0;;;;;;;;;;;;;;;;;;;;;;;;;;;;;;;;;;;;;;
145;Hamm – Unna II;5;0;0;0;0;0;0;0;0;;;;;;;;;0;;0;;0;;0;;0;;0;;0;;0;;;;;;0;;0;;0;;0;;0;;0;;;;0;;0;;0;;;;0;;;;0;;;;0;;;;;;;;0;;;;;;;;0;;;;;;;;0;;;;;;;;0;;;;;;;;;;;;0;;;;0;;;;0;;;;0;;;;;;;;;;;;;;;;;;;;0;;;;0;;;;0;;;;;;;;;;;;;;;;;;;;;;;;;;;;;;;;;;;;;;
146;Soest;5;0;0;0;0;0;0;0;0;;;;;;;;;0;;0;;0;;0;;0;;0;;0;;0;;;;;;0;;0;;0;;0;;;;0;;;;0;;;;0;;;;0;;;;0;;;;0;;;;;;;;0;;;;;;;;0;;;;;;;;0;;;;;;;;0;;;;;;;;;;;;0;;;;0;;;;0;;;;0;;;;;;;;;;;;;;;;;;;;0;;;;0;;;;0;;;;;;;;;;;;;;;;;;;;;;;;;;;;;;;;;;;;;;
147;Hochsauerlandkreis;5;0;0;0;0;0;0;0;0;;;;;;;;;0;;0;;0;;0;;0;;0;;0;;0;;;;;;0;;0;;0;;0;;;;0;;;;0;;0;;0;;;;0;;;;0;;;;0;;;;;;;;0;;;;;;;;0;;;;;;;;0;;;;;;;;0;;;;;;;;;;;;0;;;;0;;;;0;;;;0;;;;;;;;;;;;;;;;;;;;0;;;;0;;;;0;;;;;;;;;;;;;;;;;;;;;;;;;;;;;;;;;;;;;;
148;Siegen-Wittgenstein;5;0;0;0;0;0;0;0;0;;;;;;;;;0;;0;;0;;0;;0;;0;;0;;0;;;;;;0;;0;;0;;0;;;;0;;;;0;;;;0;;;;0;;0;;0;;0;;0;;;;;;;;0;;;;;;;;0;;;;;;;;0;;;;;;;;0;;;;;;;;;;;;0;;;;0;;;;0;;;;0;;;;;;;;;;;;;;;;;;;;0;;;;0;;;;0;;;;;;;;;;;;;;;;;;;;;;;;;;;;;;;;;;;;;;
149;Olpe – Märkischer Kreis I;5;0;0;0;0;0;0;0;0;;;;;;;;;0;;0;;0;;0;;0;;0;;0;;0;;;;;;0;;0;;0;;0;;;;0;;;;0;;;;0;;;;0;;;;0;;;;0;;;;;;;;0;;;;;;;;0;;;;;;;;0;;;;;;;;0;;;;;;;;;;;;0;;;;0;;;;0;;;;0;;;;;;;;;;;;;;;;;;;;0;;;;0;;;;0;;;;;;;;;;;;;;;;;;;;;;;;;;;;;;;;;;;;;;
150;Märkischer Kreis II;5;0;0;0;0;0;0;0;0;;;;;;;;;0;;0;;0;;0;;0;;0;;0;;0;;;;;;0;;0;;;;0;;;;0;;;;0;;;;0;;;;0;;;;0;;;;0;;;;;;;;0;;;;;;;;0;;;;;;;;0;;;;;;;;0;;;;;;;;;;;;0;;;;0;;;;0;;;;0;;;;;;;;;;;;;;;;;;;;0;;;;0;;;;0;;;;;;;;;;;;;;;;;;;;;;;;;;;;;;;;;;;;;;
5;Nordrhein-Westfalen;99;0;0;0;0;0;0;0;0;;;;;;;;;0;;0;;0;;0;;0;;0;;0;;0;;;;;;0;;0;;0;;0;;0;;0;;;;0;;0;;0;;;;0;;0;;0;;0;;0;;;;;;0;;0;;;;;;0;;0;;;;;;;;0;;;;;;;;0;;;;;;;;;;;;0;;;;0;;0;;0;;;;0;;;;;;;;;;;;;;;;;;;;0;;;;0;;;;0;;;;;;;;;;0;;;;;;;;;;;;;;;;;;;;;;;;;;;;
;
151;Nordsachsen;14;0;0;0;0;0;0;0;0;;;;;;;;;0;;0;;0;;0;;0;;0;;0;;0;;;;;;0;;0;;0;;0;;;;0;;;;0;;;;0;;;;0;;;;0;;;;0;;;;;;;;;;;;;;;;0;;;;0;;;;;;;;;;;;;;;;;;;;;;;;0;;;;0;;;;;;;;;;;;;;;;;;;;;;;;;;;;;;;;;;;;0;;;;;;;;;;;;;;;;;;;;;;;;;;;;;;;;;;;;;;
152;Leipzig I;14;0;0;0;0;0;0;0;0;;;;;;;;;0;;0;;0;;0;;0;;0;;0;;0;;;;;;0;;0;;0;;0;;;;0;;;;0;;0;;0;;;;0;;;;0;;0;;0;;;;;;;;;;;;;;;;0;;0;;0;;0;;;;;;;;;;;;;;;;;;;;;;0;;;;0;;;;;;;;;;;;;;;;;;;;;;;;;;;;;;;;;;;;0;;;;;;;;;;;;;;;;;;;;;;;;;;;;;;;;;;;;;;
153;Leipzig II;14;0;0;0;0;0;0;0;0;;;;;;;;;0;;0;;0;;0;;0;;0;;0;;0;;;;;;0;;0;;0;;0;;0;;0;;;;0;;0;;0;;;;0;;;;0;;0;;0;;;;;;;;;;;;;;0;;0;;0;;0;;;;;;;;;;;;;;;;;;;;;;;;0;;;;0;;;;;;;;;;;;;;;;;;;;;;;;;;;;;;;;;;;;0;;;;;;;;;;;;;;;;;;;;;;;;;;;;;;;;;;;;;;
154;Leipzig-Land;14;0;0;0;0;0;0;0;0;;;;;;;;;0;;0;;0;;0;;0;;0;;0;;0;;;;;;0;;0;;0;;0;;;;0;;;;0;;;;0;;;;0;;;;0;;;;0;;;;;;;;;;;;;;;;0;;;;0;;;;;;;;;;;;;;;;;;;;;;;;0;;;;0;;;;;;;;;;;;;;;;;;;;;;;;;;;;;;;;;;;;0;;;;;;;;;;;;;;;;;;;;;;;;;;;;;;;;;;;;;;
155;Meißen;14;0;0;0;0;0;0;0;0;;;;;;;;;0;;0;;0;;0;;0;;0;;0;;0;;;;;;0;;0;;0;;0;;;;0;;0;;0;;;;0;;;;0;;;;0;;;;0;;;;;;;;;;;;;;;;0;;0;;0;;;;;;;;;;;;;;;;;;;;;;;;0;;;;0;;;;;;;;;;;;;;;;;;;;;;;;;;;;;;;;;;;;0;;;;;;;;;;;;;;;;;;;;;;;;;;;;;;;;;;;;;;
156;Bautzen I;14;0;0;0;0;0;0;0;0;;;;;;;;;0;;0;;0;;0;;0;;0;;0;;0;;;;;;0;;0;;0;;0;;;;0;;;;0;;0;;0;;;;0;;;;0;;;;0;;;;;;;;;;;;;;;;0;;0;;0;;;;;;;;;;;;;;;;;;;;;;;;0;;;;0;;;;;;;;;;;;;;;;;;;;;;;;;;;;;;;;;;;;0;;;;;;;;;;;;;;;;;;;;;;;;;;;;;;;;;;;;;;
157;Görlitz;14;0;0;0;0;0;0;0;0;;;;;;;;;0;;0;;0;;0;;0;;0;;0;;0;;;;;;0;;0;;0;;0;;;;0;;;;0;;0;;0;;;;0;;;;0;;;;0;;;;;;;;;;;;;;;;0;;0;;0;;;;;;;;;;;;;;;;;;;;;;;;0;;;;0;;;;;;;;;;;;;;;;;;;;;;;;;;;;;;;;;;;;0;;;;;;;;;;;;;;;;;;;;;;;;;;;;;;;;;;;;;;
158;Sächsische Schweiz-Osterzgebirge;14;0;0;0;0;0;0;0;0;;;;;;;;;0;;0;;0;;0;;0;;0;;0;;0;;;;;;0;;0;;0;;0;;;;0;;;;0;;;;0;;;;0;;;;0;;;;0;;;;;;;;;;;;;;;;0;;0;;0;;;;;;;;;;;;;;;;;;;;;;;;0;;;;0;;;;;;;;;;;;;;;;;;;;;;;;;;;;;;;;;;;;0;;;;;;;;;;;;;;;;;;;;;;;;;;;;;;;;;;;;;;
159;Dresden I;14;0;0;0;0;0;0;0;0;;;;;;;;;0;;0;;0;;0;;0;;0;;0;;0;;;;;;0;;0;;0;;0;;0;;0;;0;;0;;;;0;;;;0;;0;;0;;0;;0;;;;;;;;;;;;;;;;0;;0;;0;;;;;;;;;;;;;;;;;;;;;;;;0;;;;0;;;;;;;;;;;;;;;;;;;;;;;;;;;;;;;;;;;;0;;;;;;;;;;;;;;;;;;;;;;;;;;;;;;;;;;;;;;
160;Dresden II – Bautzen II;14;0;0;0;0;0;0;0;0;;;;;;;;;0;;0;;0;;0;;0;;0;;0;;0;;;;;;0;;0;;0;;0;;0;;0;;0;;0;;0;;0;;;;0;;0;;0;;0;;0;;;;;;;;;;;;;;0;;0;;0;;0;;;;;;;;;;;;;;;;;;;;;;;;0;;;;0;;;;;;;;;;;;;;;;;;;;;;;;;;;;;;;;;;;;0;;;;;;;;;;;;;;;;;;;;;;;;;;;;;;;;;;;;;;
161;Mittelsachsen;14;0;0;0;0;0;0;0;0;;;;;;;;;0;;0;;0;;0;;0;;0;;0;;0;;;;;;0;;0;;0;;0;;;;0;;;;0;;;;0;;;;0;;;;0;;;;0;;;;;;;;;;;;;;;;0;;0;;0;;;;;;;;;;;;;;;;;;;;;;;;0;;;;0;;;;;;;;;;;;;;;;;;;;;;;;;;;;;;;;;;;;0;;;;;;;;;;;;;;;;;;;;;;;;;;;;;;;;;;;;;;
162;Chemnitz;14;0;0;0;0;0;0;0;0;;;;;;;;;0;;0;;0;;0;;0;;0;;0;;0;;;;;;0;;0;;0;;0;;0;;0;;;;0;;;;0;;;;0;;;;0;;0;;0;;;;;;;;;;;;;;;;0;;0;;0;;;;;;;;;;;;;;;;;;;;;;;;0;;;;0;;;;;;;;;;;;;;;;;;;;;;;;;;;;;;;;;;;;0;;;;;;;;;;;;;;;;;;;;;;;;;;;;;;;;;;;;;;
163;Chemnitzer Umland – Erzgebirgskreis II;14;0;0;0;0;0;0;0;0;;;;;;;;;0;;0;;0;;0;;0;;0;;0;;0;;;;;;0;;0;;0;;0;;;;0;;;;0;;;;0;;;;0;;;;0;;;;0;;;;;;;;;;;;;;;;0;;;;0;;;;;;;;;;;;;;;;;;;;;;;;0;;;;0;;;;;;;;;;;;;;;;;;;;;;;;;;;;;;;;;;;;0;;;;;;;;;;;;;;;;;;;;;;;;;;;;;;;;;;;;;;
164;Erzgebirgskreis I;14;0;0;0;0;0;0;0;0;;;;;;;;;0;;0;;0;;0;;0;;0;;0;;0;;;;;;0;;0;;0;;0;;;;0;;;;0;;;;0;;;;0;;;;0;;;;0;;;;;;;;;;;;;;;;0;;;;0;;;;;;;;;;;;;;;;;;;;;;;;0;;;;0;;;;;;;;;;;;;;;;;;;;;;;;;;;;;;;;;;;;0;;;;;;;;;;;;;;;;;;;;;;;;;;;;;;;;;;;;;;
165;Zwickau;14;0;0;0;0;0;0;0;0;;;;;;;;;0;;0;;0;;0;;0;;0;;0;;0;;;;;;0;;0;;;;0;;;;0;;;;0;;;;0;;;;0;;;;0;;;;0;;;;;;;;;;;;;;;;0;;;;0;;;;;;;;;;;;;;;;;;;;;;;;0;;;;0;;;;;;;;;;;;;;;;;;;;;;;;;;;;;;;;;;;;0;;;;;;;;;;;;;;;;;;;;;;;;;;;;;;;;;;;;;;
166;Vogtlandkreis;14;0;0;0;0;0;0;0;0;;;;;;;;;0;;0;;0;;0;;0;;0;;0;;0;;;;;;0;;0;;0;;0;;;;0;;;;0;;;;0;;;;0;;;;0;;;;0;;;;;;;;;;;;;;;;0;;;;0;;;;;;;;;;;;;;;;;;;;;;;;0;;;;0;;;;;;;;;;;;;;;;;;;;;;;;;;;;;;;;;;;;0;;;;;;;;;;;;;;;;;;;;;;;;;;;;;;;;;;;;;;
14;Sachsen;99;0;0;0;0;0;0;0;0;;;;;;;;;0;;0;;0;;0;;0;;0;;0;;0;;;;;;0;;0;;0;;0;;0;;0;;0;;0;;0;;0;;;;0;;0;;0;;0;;0;;;;;;;;;;;;;;0;;0;;0;;0;;0;;;;;;;;;;;;;;;;;;;;;;0;;;;0;;;;;;;;;;;;;;;;;;;;;;;;;;;;;;;;;;;;0;;;;;;;;;;;;;;;;;;;;;;;;;;;;;;;;;;;;;;
;
167;Waldeck;6;186825;189728;186825;189728;142857;138632;142857;138632;2219;4931;2127;4216;140638;133701;140730;134416;47269;55444;42231;49063;49341;55217;43446;48420;8600;7253;9891;7356;8062;8486;9659;10872;;;;;9930;3579;13918;6452;15438;;16410;6774;;3177;507;2242;;;441;1159;1911;;1270;1013;;;1327;;;;128;;;;888;525;;;;;;;;;;;;;;;45;33;;;19;47;;;;71;;;;;;;;;;;;;;;;;;;203;;;;;;;;17;;;;175;;;;;;;;;;;;;;;;;;;;;;;;;;;;155;;;;;;;;;;;;;;;;;;;;;;;;;;;;;;;;;;87;545;;389;
168;Kassel;6;0;0;0;0;0;0;0;0;;;;;;;;;0;;0;;0;;0;;0;;0;;0;;0;;;;;;0;;0;;0;;0;;0;;0;;;;0;;0;;0;;;;0;;;;0;;0;;0;;;;;;;;;;;;;;0;;0;;;;0;;;;;;;;;;;;;;;;;;;;;;;;0;;;;;;;;0;;;;0;;;;;;;;;;;;;;;;;;;;;;;;;;;;0;;;;;;;;;;;;;;;;;;;;;;;;;;;;;;;;;;;;;;
169;Werra-Meißner – Hersfeld-Rotenburg;6;0;0;0;0;0;0;0;0;;;;;;;;;0;;0;;0;;0;;0;;0;;0;;0;;;;;;0;;0;;0;;0;;;;0;;;;0;;0;;0;;;;0;;;;0;;;;0;;;;;;;;;;;;;;;;0;;;;0;;;;;;;;;;;;;;;;;;;;;;;;0;;;;;;;;0;;;;0;;;;;;;;;;;;;;;;;;;;;;;;;;;;0;;;;;;;;;;;;;;;;;;;;;;;;;;;;;;;;;;;;;;
170;Schwalm-Eder;6;0;0;0;0;0;0;0;0;;;;;;;;;0;;0;;0;;0;;0;;0;;0;;0;;;;;;0;;0;;0;;0;;;;0;;;;0;;0;;0;;;;0;;;;0;;;;0;;;;;;;;;;;;;;;;0;;;;0;;;;;;;;;;;;;;;;;;;;;;;;0;;;;;;;;0;;;;0;;;;;;;;;;;;;;;;;;;;;;;;;;;;0;;;;;;;;;;;;;;;;;;;;;;;;;;;;;;;;;;;;;;
171;Marburg;6;0;0;0;0;0;0;0;0;;;;;;;;;0;;0;;0;;0;;0;;0;;0;;0;;;;;;0;;0;;0;;0;;;;0;;;;0;;0;;0;;;;0;;;;0;;;;0;;;;;;;;;;;;;;;;0;;;;0;;;;;;;;;;;;;;;;;;;;;;;;0;;;;;;;;0;;;;0;;;;;;;;;;;;;;;;;;;;;;;;;;;;0;;;;;;;;;;;;;;;;;;;;;;;;;;;;;;;;;;;;;;
172;Lahn-Dill;6;0;0;0;0;0;0;0;0;;;;;;;;;0;;0;;0;;0;;0;;0;;0;;0;;;;;;0;;0;;0;;0;;;;0;;0;;0;;0;;0;;;;0;;;;0;;0;;0;;;;;;;;;;;;;;;;0;;;;0;;;;;;;;;;;;;;;;;;;;;;;;0;;;;;;;;0;;;;0;;;;;;;;;;;;;;;;;;;;;;;;;;;;0;;;;;;;;;;;;;;;;;;;;;;;;;;;;;;;;;;;;;;
173;Gießen;6;0;0;0;0;0;0;0;0;;;;;;;;;0;;0;;0;;0;;0;;0;;0;;0;;;;;;0;;0;;0;;0;;;;0;;0;;0;;0;;0;;;;0;;;;0;;;;0;;;;;;;;;;;;;;0;;0;;;;0;;;;;;;;;;;;;;;;;;;;;;;;0;;;;;;0;;0;;;;0;;;;;;;;;;;;;;;;;;;;;;;;;;;;0;;;;;;;;;;;;;;;;;;;;;;;;;;;;;;;;;;;;;;
174;Fulda;6;0;0;0;0;0;0;0;0;;;;;;;;;0;;0;;0;;0;;0;;0;;0;;0;;;;;;0;;0;;0;;0;;;;0;;0;;0;;0;;0;;;;0;;;;0;;;;0;;;;;;;;;;;;;;;;0;;;;0;;;;;;;;;;;;;;;;;;;;;;;;0;;;;;;;;0;;;;0;;;;;;;;;;;;;;;;;;;;;;;;;;;;0;;;;;;;;;;;;;;;;;;;;;;;;;;;;;;;;;;;;;;
175;Main-Kinzig – Wetterau II – Schotten;6;0;0;0;0;0;0;0;0;;;;;;;;;0;;0;;0;;0;;0;;0;;0;;0;;;;;;0;;0;;0;;0;;;;0;;0;;0;;0;;0;;;;0;;;;0;;;;0;;;;;;;;;;;;;;;;0;;;;0;;;;;;;;;;;;;;;;;;;;;;;;0;;;;;;;;0;;;;0;;;;;;;;;;;;;;;;;;;;;;;;;;;;0;;;;;;;;;;;;;;;;;;;;;;;;;;;;;;;;;;;;;;
176;Hochtaunus;6;0;0;0;0;0;0;0;0;;;;;;;;;0;;0;;0;;0;;0;;0;;0;;0;;;;;;0;;0;;0;;0;;;;0;;;;0;;0;;0;;;;0;;;;0;;;;0;;;;;;;;;;;;;;;;0;;;;0;;;;;;;;;;;;;;;;;;;;;;;;0;;;;;;;;0;;;;0;;;;;;;;;;;;;;;;;;;;;;;;;;;;0;;;;;;;;;;;;;;;;;;;;;;;;;;;;;;;;;;;;;;
177;Wetterau I;6;0;0;0;0;0;0;0;0;;;;;;;;;0;;0;;0;;0;;0;;0;;0;;0;;;;;;0;;0;;0;;0;;;;0;;0;;0;;0;;0;;;;0;;;;0;;;;0;;;;;;;;;;;;;;;;0;;;;0;;;;;;;;;;;;;;;;;;;;;;;;0;;;;;;;;0;;;;0;;;;;;;;;;;;;;;;;;;;;;;;;;;;0;;;;;;;;;;;;;;;;;;;;;;;;;;;;;;;;;;;;;;
178;Rheingau-Taunus – Limburg;6;0;0;0;0;0;0;0;0;;;;;;;;;0;;0;;0;;0;;0;;0;;0;;0;;;;;;0;;0;;0;;0;;;;0;;;;0;;0;;0;;;;0;;;;0;;;;0;;;;;;;;;;;;;;;;0;;;;0;;;;;;;;;;;;;;;;;;;;;;;;0;;;;;;;;0;;;;0;;;;;;;;;;;;;;;;;;;;;;;;;;;;0;;;;;;;;;;;;;;;;;;;;;;;;;;;;;;;;;;;;;;
179;Wiesbaden;6;0;0;0;0;0;0;0;0;;;;;;;;;0;;0;;0;;0;;0;;0;;0;;0;;;;;;0;;0;;0;;0;;0;;0;;;;0;;0;;0;;;;0;;;;0;;0;;0;;;;;;;;;;;;;;;;0;;;;0;;;;;;;;;;;;;;;;;;;;;;;;0;;;;;;;;0;;;;0;;;;;;;;;;;;;;;;;;;;;;;;;;;;0;;;;;;;;;;;;;;;;;;;;;;;;;;;;;;;;;;;;;;
180;Hanau;6;0;0;0;0;0;0;0;0;;;;;;;;;0;;0;;0;;0;;0;;0;;0;;0;;;;;;0;;0;;0;;0;;;;0;;0;;0;;0;;0;;;;0;;;;0;;0;;0;;;;;;;;;;;;;;;;0;;;;0;;;;;;;;;;;;;;;;;;;;;;;;0;;;;;;;;0;;;;0;;;;;;;;;;;;;;;;;;;;;;;;;;;;0;;;;;;;;;;;;;;;;;;;;;;;;;;;;;;;;;;;;;;
181;Main-Taunus;6;0;0;0;0;0;0;0;0;;;;;;;;;0;;0;;0;;0;;0;;0;;0;;0;;;;;;0;;0;;0;;0;;;;0;;;;0;;0;;0;;;;0;;;;0;;;;0;;;;;;;;;;;;;;;;0;;;;0;;;;;;;;;;;;;;;;;;;;;;;;0;;;;;;;;0;;;;0;;;;;;;;;;;;;;;;;;;;;;;;;;;;0;;;;;;;;;;;;;;;;;;;;;;;;;;;;;;;;;;;;;;
182;Frankfurt am Main I;6;0;0;0;0;0;0;0;0;;;;;;;;;0;;0;;0;;0;;0;;0;;0;;0;;;;;;0;;0;;0;;0;;0;;0;;;;0;;0;;0;;;;0;;;;0;;0;;0;;;;;;;;;;;;;;0;;0;;;;0;;0;;;;;;;;;;;;;;;;;;;;;;0;;;;;;;;0;;;;0;;;;;;;;;;;;;;;;;;;;;;;;;;;;0;;;;;;;;;;;;;;;;;;;;;;;;;;;;;;;;;;;;;;
183;Frankfurt am Main II;6;0;0;0;0;0;0;0;0;;;;;;;;;0;;0;;0;;0;;0;;0;;0;;0;;;;;;0;;0;;0;;0;;0;;0;;;;0;;0;;0;;;;0;;;;0;;0;;0;;;;;;;;;;;;;;0;;0;;;;0;;;;;;;;;;;;;;;;;;;;;;;;0;;;;;;;;0;;;;0;;;;;;;;;;;;;;;;;;;;;;;;;;;;0;;;;;;;;;;;;;;;;;;;;;;;;;;;;;;;;;;;;;;
184;Groß-Gerau;6;0;0;0;0;0;0;0;0;;;;;;;;;0;;0;;0;;0;;0;;0;;0;;0;;;;;;0;;0;;0;;0;;;;0;;;;0;;0;;0;;;;0;;;;0;;;;0;;;;;;;;;;;;;;0;;0;;;;0;;;;;;;;;;;;;;;;;;;;;;;;0;;;;;;;;0;;;;0;;;;;;;;;;;;;;;;;;;;;;;;;;;;0;;;;;;;;;;;;;;;;;;;;;;;;;;;;;;;;;;;;;;
185;Offenbach;6;0;0;0;0;0;0;0;0;;;;;;;;;0;;0;;0;;0;;0;;0;;0;;0;;;;;;0;;0;;0;;0;;0;;0;;;;0;;0;;0;;;;0;;;;0;;;;0;;;;;;;;;;;;;;;;0;;;;0;;;;;;;;;;;;;;;;;;;;;;;;0;;;;;;;;0;;;;0;;;;;;;;;;;;;;;;;;;;;;;;;;;;0;;;;;;;;;;0;;;;;;;;;;;;;;;;;;;;;;;;;;;;
186;Darmstadt;6;0;0;0;0;0;0;0;0;;;;;;;;;0;;0;;0;;0;;0;;0;;0;;0;;;;;;0;;0;;0;;0;;;;0;;;;0;;0;;0;;;;0;;;;0;;;;0;;;;;;;;;;;;;;0;;0;;;;0;;;;;;;;;;;;;;;;;;;;;;;;0;;;;;;;;0;;;;0;;;;;;;;;;;;;;;;;;;;;;;;;;;;0;;;;;;;;;;;;;;;;;;;;;;;;;;;;;;;;;;;;;;
187;Odenwald;6;0;0;0;0;0;0;0;0;;;;;;;;;0;;0;;0;;0;;0;;0;;0;;0;;;;;;0;;0;;0;;0;;;;0;;;;0;;0;;0;;;;0;;;;0;;;;0;;;;;;;;;;;;;;;;0;;;;0;;;;;;;;;;;;;;;;;;;;;;;;0;;;;;;;;0;;;;0;;;;;;;;;;;;;;;;;;;;;;;;;;;;0;;;;;;;;;;;;;;;;;;;;;;;;;;;;;;;;;;;;;;
188;Bergstraße;6;0;0;0;0;0;0;0;0;;;;;;;;;0;;0;;0;;0;;0;;0;;0;;0;;;;;;0;;0;;0;;0;;;;0;;;;0;;;;0;;;;0;;;;0;;;;0;;;;;;;;;;;;;;;;0;;;;0;;;;;;;;;;;;;;;;;;;;;;;;0;;;;;;;;0;;;;0;;;;;;;;;;;;;;;;;;;;;;;;;;;;0;;;;;;;;;;;;;;;;;;;;;;;;;;;;;;;;;;;;;;
6;Hessen;99;186825;189728;186825;189728;142857;138632;142857;138632;2219;4931;2127;4216;140638;133701;140730;134416;47269;55444;42231;49063;49341;55217;43446;48420;8600;7253;9891;7356;8062;8486;9659;10872;;;;;9930;3579;13918;6452;15438;;16410;6774;0;3177;507;2242;0;;441;1159;1911;;1270;1013;;;1327;;;;128;;0;;888;525;;;;;;;;;;;;;0;;45;33;;;19;47;0;;;71;;;;;;;;;;;;;;;;;;;203;;;;;;0;;17;;;;175;;;;;;;;;;;;;;;;;;;;;;;;;;;;155;;;;;;;;;;0;;;;;;;;;;;;;;;;;;;;;;;;87;545;;389;
;
189;Eichsfeld – Nordhausen – Kyffhäuserkreis;16;0;0;0;0;0;0;0;0;;;;;;;;;0;;0;;0;;0;;0;;0;;0;;0;;;;;;0;;0;;0;;0;;;;0;;;;0;;0;;0;;;;;;0;;0;;;;0;;;;;;;;;;;;;;;;0;;;;;;;;;;;;;;;;;;;;;;;;;;;;0;;;;;;;;;;;;0;;;;;;;;;;;;;;;;;;;;;;;;;;;;0;;;;;;;;;;;;;;;;;;;;;;;;;;;;;;;;;;;;;;
190;Eisenach – Wartburgkreis – Unstrut-Hainich-Kreis;16;0;0;0;0;0;0;0;0;;;;;;;;;0;;0;;0;;0;;0;;0;;0;;0;;;;;;0;;0;;0;;0;;;;0;;0;;0;;0;;0;;;;;;;;0;;;;0;;;;;;;;;;;;;;0;;0;;;;;;;;;;;;;;;;;;;;;;;;;;;;0;;;;;;;;;;;;0;;;;;;;;;;;;;;;;;;;;;;;;;;;;0;;;;;;;;;;;;;;;;;;;;;;;;;;;;;;;;;;;;;;
191;Jena – Sömmerda – Weimarer Land I;16;0;0;0;0;0;0;0;0;;;;;;;;;0;;0;;0;;0;;0;;0;;0;;0;;;;;;0;;0;;0;;0;;;;0;;;;0;;0;;0;;;;;;;;0;;;;0;;;;;;;;;;;;;;;;0;;;;;;;;;;;;;;;;;;;;;;;;;;;;0;;;;;;;;;;;;0;;;;;;;;;;;;;;;;;;;;;;;;;;;;0;;;;;;;;;;;;;;;;;;;;;;;;;;;;;;;;;;;;;;
192;Gotha – Ilm-Kreis;16;0;0;0;0;0;0;0;0;;;;;;;;;0;;0;;0;;0;;0;;0;;0;;0;;;;;;0;;0;;0;;0;;;;0;;;;0;;0;;0;;;;;;;;0;;;;0;;;;;;;;;;;;;;;;0;;;;;;;;;;;;;;;;;;;;;;;;;;;;0;;;;;;;;;;;;0;;;;;;;;;;;;;;;;;;;;;;;;;;;;0;;;;;;;;;;;;;;;;;;;;;;;;;;;;;;;;;;;;;;
193;Erfurt – Weimar – Weimarer Land II;16;0;0;0;0;0;0;0;0;;;;;;;;;0;;0;;0;;0;;0;;0;;0;;0;;;;;;0;;0;;0;;0;;0;;0;;;;0;;0;;0;;;;;;0;;0;;0;;0;;;;;;;;;;;;;;;;0;;;;;;;;;;;;;;;;;;;;;;;;;;;;0;;;;;;;;;;;;0;;;;;;;;;;;;;;;;;;;;;;;;;;;;0;;;;;;;;;;;;;;;;;;;;;;;;;;;;;;;;;;;;;;
194;Gera – Greiz – Altenburger Land;16;0;0;0;0;0;0;0;0;;;;;;;;;0;;0;;0;;0;;0;;0;;0;;0;;;;;;0;;0;;0;;0;;;;0;;;;0;;0;;0;;;;;;;;0;;;;0;;;;;;;;;;;;;;;;0;;;;;;;;;;;;;;;;;;;;;;;;;;;;0;;;;;;;;;;;;0;;;;;;;;;;;;;;;;;;;;;;;;;;0;;0;;;;;;;;;;;;;;;;;;;;;;;;;;;;;;;;;;;;;;
195;Saalfeld-Rudolstadt – Saale-Holzland-Kreis – Saale-Orla-Kreis;16;0;0;0;0;0;0;0;0;;;;;;;;;0;;0;;0;;0;;0;;0;;0;;0;;;;;;0;;0;;0;;0;;;;0;;;;0;;0;;0;;;;;;;;0;;;;0;;;;;;;;;;;;;;;;0;;;;;;;;;;;;;;;;;;;;;;;;;;;;0;;;;;;;;;;;;0;;;;;;;;;;;;;;;;;;;;;;;;;;;;0;;;;;;;;;;;;;;;;;;;;;;;;;;;;;;;;;;;;;;
196;Suhl – Schmalkalden-Meiningen – Hildburghausen – Sonneberg;16;0;0;0;0;0;0;0;0;;;;;;;;;0;;0;;0;;0;;0;;0;;0;;0;;;;;;0;;0;;0;;0;;0;;0;;;;0;;0;;0;;;;;;0;;0;;;;0;;;;;;;;;;;;;;0;;0;;;;;;;;;;;;;;;;;;;;;;;;;;;;0;;;;;;;;;;;;0;;;;;;;;;;;;;;;;;;;;;;;;;;;;0;;;;;;;;;;;;;;;;;;;;;;;;;;;;;;;;;;;;;;
16;Thüringen;99;0;0;0;0;0;0;0;0;;;;;;;;;0;;0;;0;;0;;0;;0;;0;;0;;;;;;0;;0;;0;;0;;0;;0;;0;;0;;0;;0;;;;;;0;;0;;0;;0;;;;;;;;;;;;;;0;;0;;;;;;;;;;;;;;;;;;;;;;;;;;;;0;;;;;;;;;;;;0;;;;;;;;;;;;;;;;;;;;;;;;;;0;;0;;;;;;;;;;;;;;;;;;;;;;;;;;;;;;;;;;;;;;
;
197;Neuwied;7;0;0;0;0;0;0;0;0;;;;;;;;;0;;0;;0;;0;;0;;0;;0;;0;;;;;;0;;0;;0;;0;;;;0;;;;0;;0;;0;;;;;;;;0;;;;0;;;;;;;;;;;;;;0;;0;;;;;;;;;;;;;;;;;;;;;;;;;;;;0;;;;;;;;;;;;;;;;;;;;;;;;;;;;;;;;;;;;;;;;0;;;;;;;;;;;;;;;;;;;;;;;;;;;;;;;;;;;;;;
198;Ahrweiler;7;0;0;0;0;0;0;0;0;;;;;;;;;0;;0;;0;;0;;0;;0;;0;;0;;;;;;0;;0;;0;;0;;0;;0;;;;0;;;;0;;;;;;;;0;;;;0;;;;;;;;;;;;;;;;0;;;;;;;;;;;;;;;;;;;;;;;;;;;;0;;;;;;;;;;;;;;;;;;;;;;;;;;;;;;;;;;;;;;;;0;;;;;;;;;;;;;;;;;;;;;;;;;;;;;;;;;;;;;;
199;Koblenz;7;0;0;0;0;0;0;0;0;;;;;;;;;0;;0;;0;;0;;0;;0;;0;;0;;;;;;0;;0;;0;;0;;0;;0;;;;0;;0;;0;;;;;;;;0;;0;;0;;;;;;;;;;;;;;;;0;;;;;;;;;;;;;;;;;;;;;;;;;;;;0;;;;;;;;;;;;;;;;;;;;;;;;;;;;;;;;;;;;;;;;0;;;;;;;;;;;;;;;;;;;;;;;;;;;;;;;;;;;;;;
200;Mosel/Rhein-Hunsrück;7;0;0;0;0;0;0;0;0;;;;;;;;;0;;0;;0;;0;;0;;0;;0;;0;;;;;;0;;0;;0;;0;;;;0;;;;0;;0;;0;;;;;;0;;0;;;;0;;;;;;;;;;;;;;;;0;;;;;;;;;;;;;;;;;;;;;;;;;;;;0;;;;;;;;;;;;;;;;;;;;;;;;;;;;;;;;;;;;;;;;0;;;;;;;;;;;;;;;;;;;;;;;;;;;;;;;;;;;;;;
201;Kreuznach;7;0;0;0;0;0;0;0;0;;;;;;;;;0;;0;;0;;0;;0;;0;;0;;0;;;;;;0;;0;;0;;0;;;;0;;;;0;;0;;0;;;;;;0;;0;;;;0;;;;;;;;;;;;;;;;0;;;;;;;;;;;;;;;;;;;;;;;;;;;;0;;;;;;;;;;;;;;;;;;;;;;;;;;;;;;;;;;;;;;;;0;;;;;;;;;;;;;;;;;;;;;;;;;;;;;;;;;;;;;;
202;Bitburg;7;0;0;0;0;0;0;0;0;;;;;;;;;0;;0;;0;;0;;0;;0;;;;0;;;;;;0;;0;;0;;0;;;;0;;;;0;;0;;0;;;;;;0;;0;;;;0;;;;;;;;;;;;;;;;0;;;;;;;;;;;;;;;;;;;;;;;;;;;;0;;;;;;;;;;;;;;;;;;;;;;;;;;;;;;;;;;;;;;;;0;;;;;;;;;;;;;;;;;;;;;;;;;;;;;;;;;;;;;;
203;Trier;7;0;0;0;0;0;0;0;0;;;;;;;;;0;;0;;0;;0;;0;;0;;0;;0;;;;;;0;;0;;0;;0;;;;0;;0;;0;;0;;0;;;;;;;;0;;0;;0;;;;;;;;;;;;;;;;0;;;;;;;;;;;;;;;;;;;;;;;;;;;;0;;;;;;;;;;;;;;;;;;;;;;;;;;;;;;;;;;;;;;;;0;;;;;;;;;;;;;;;;;;;;;;;;;;;;;;;;;;;;;;
204;Montabaur;7;0;0;0;0;0;0;0;0;;;;;;;;;0;;0;;0;;0;;0;;0;;0;;0;;;;;;0;;0;;;;0;;;;0;;;;0;;0;;0;;;;;;;;0;;;;0;;;;;;;;;;;;;;;;0;;;;;;;;;;;;;;;;;;;;;;;;;;;;0;;;;;;;;;;;;;;;;;;;;;;;;;;;;;;;;;;;;;;;;0;;;;;;;;;;;;;;;;;;;;;;;;;;;;;;;;;;;;;;
205;Mainz;7;0;0;0;0;0;0;0;0;;;;;;;;;0;;0;;0;;0;;0;;0;;0;;0;;;;;;0;;0;;0;;0;;0;;0;;;;0;;0;;0;;;;;;0;;0;;0;;0;;;;;;;;;;;;;;;;0;;;;;;;;;;;;;;;;;;;;;;;;;;;;0;;;;;;;;;;;;;;;;;;;;;;;;;;;;;;;;;;;;;;;;0;;;;;;;;;;;;;;;;;;;;;;;;;;0;;;;;;;;;;;;
206;Worms;7;0;0;0;0;0;0;0;0;;;;;;;;;0;;0;;0;;0;;0;;0;;0;;0;;;;;;0;;0;;0;;0;;;;0;;0;;0;;0;;0;;;;;;0;;0;;;;0;;;;;;;;;;;;;;;;0;;;;;;;;;;;;;;;;;;;;;;;;;;;;0;;;;;;;;;;;;;;;;;;;;;;;;;;;;;;;;;;;;;;;;0;;;;;;0;;;;;;;;;;;;;;;;;;;;;;;;;;;;;;;;
207;Ludwigshafen/Frankenthal;7;0;0;0;0;0;0;0;0;;;;;;;;;0;;0;;0;;0;;0;;0;;0;;0;;;;;;0;;0;;0;;0;;;;0;;;;0;;0;;0;;;;;;;;0;;;;0;;;;;;;;;;;;;;0;;0;;;;;;;;;;;;;;;;;;;;;;;;;;;;0;;;;;;;;;;;;;;;;;;;;;;;;;;;;;;;;;;;;;;;;0;;;;;;;;;;;;;;;;;;;;;;;;;;;;;;;;;;;;;;
208;Neustadt – Speyer;7;0;0;0;0;0;0;0;0;;;;;;;;;0;;0;;0;;0;;0;;0;;0;;0;;;;;;0;;0;;0;;0;;;;0;;;;0;;0;;0;;;;;;;;0;;;;0;;;;;;;;;;;;;;;;0;;;;;;;;;;;;;;;;;;;;;;;;;;;;0;;;;;;;;;;;;;;;;;;;;;;;;;;;;;;;;;;;;;;;;0;;;;;;0;;;;;;;;;;;;;;;;;;;;0;;;;;;;;;;;;
209;Kaiserslautern;7;0;0;0;0;0;0;0;0;;;;;;;;;0;;0;;0;;0;;0;;0;;0;;0;;;;;;0;;0;;0;;0;;;;0;;;;0;;0;;0;;;;;;;;0;;0;;0;;;;;;;;;;;;;;;;0;;;;;;;;;;;;;;;;;;;;;;;;;;;;0;;;;;;;;;;;;;;;;;;;;;;;;;;;;;;;;;;;;;;;;0;;;;;;;;;;;;;;;;;;;;;;;;;;;;;;;;;;;;;;
210;Pirmasens;7;0;0;0;0;0;0;0;0;;;;;;;;;0;;0;;0;;0;;0;;0;;0;;0;;;;;;0;;0;;0;;0;;;;0;;0;;0;;0;;0;;;;;;;;0;;0;;0;;;;;;;;;;;;;;;;0;;;;;;;;;;;;;;;;;;;;;;;;;;;;0;;;;;;;;;;;;;;;;;;;;;;;;;;;;;;;;;;;;;;;;0;;;;;;;;;;;;;;;;;;;;;;;;;;;;;;;;;;;;;;
211;Südpfalz;7;0;0;0;0;0;0;0;0;;;;;;;;;0;;0;;0;;0;;0;;0;;0;;0;;;;;;0;;0;;0;;0;;;;0;;;;0;;0;;0;;;;;;;;0;;;;0;;;;;;;;;;;;;;;;0;;;;;;;;;;;;;;;;;;;;;;;;;;;;0;;;;;;;;;;;;;;;;;;;;;;;;;;;;;;;;;;;;;;;;0;;;;;;;;;;;;;;;;;;;;;;;;;;;;;;;;;;;;;;
7;Rheinland-Pfalz;99;0;0;0;0;0;0;0;0;;;;;;;;;0;;0;;0;;0;;0;;0;;0;;0;;;;;;0;;0;;0;;0;;0;;0;;0;;0;;0;;0;;;;;;0;;0;;0;;0;;;;;;;;;;;;;;0;;0;;;;;;;;;;;;;;;;;;;;;;;;;;;;0;;;;;;;;;;;;;;;;;;;;;;;;;;;;;;;;;;;;;;;;0;;;;;;0;;;;;;;;;;;;;;;;;;;;0;;;;;;;;;;;;
;
212;Altötting;9;0;0;0;0;0;0;0;0;;;;;;;;;;;;;0;;0;;0;;0;;0;;0;;0;;0;;0;;0;;0;;0;;;;0;;;;0;;;;0;;;;0;;0;;0;;;;0;;;;0;;;;;;;;;;;;0;;0;;0;;;;;;;;;;;;;;;;;;;;;;;;0;;;;0;;;;0;;;;0;;;;;;;;;;;;;;;;;;;;;;;;0;;;;0;;;;;;;;;;;;;;;;;;;;;;;;;;;;;;;;;;;;;;
213;Erding – Ebersberg;9;0;0;0;0;0;0;0;0;;;;;;;;;;;;;0;;0;;0;;0;;0;;0;;0;;0;;0;;0;;0;;0;;;;0;;;;0;;;;0;;;;0;;0;;0;;;;0;;0;;0;;;;;;;;;;;;0;;;;0;;;;;;;;;;;;;;;;;;;;;;;;0;;;;0;;;;0;;;;0;;;;;;;;;;;;;;;;;;;;;;;;0;;;;0;;;;;;;;;;;;;;;;;;;;;;;;;;;;;;;;;;;;;;
214;Freising;9;0;0;0;0;0;0;0;0;;;;;;;;;;;;;0;;0;;0;;0;;0;;0;;0;;0;;0;;0;;0;;0;;;;0;;;;0;;0;;0;;;;0;;0;;0;;;;0;;0;;0;;;;;;;;;;;;0;;;;0;;;;;;;;;;;;;;;;;;;;;;;;0;;;;0;;;;0;;;;0;;;;;;;;;;;;;;;;;;;;;;;;0;;;;0;;;;;;;;;;;;;;;;;;;;;;;;;;;;;;;;;;;;;;
215;Fürstenfeldbruck;9;0;0;0;0;0;0;0;0;;;;;;;;;;;;;0;;0;;0;;0;;0;;0;;0;;0;;0;;0;;0;;0;;;;0;;;;0;;0;;0;;;;0;;0;;0;;;;0;;0;;0;;;;;;;;;;;;0;;;;0;;;;;;;;;;;;;;;;;;;;;;;;0;;;;0;;;;0;;;;0;;;;;;;;;;;;;;;;;;;;;;;;0;;;;0;;;;;;;;;;;;;;;;;;;;;;;;;;;;;;;;;;;;;;
216;Ingolstadt;9;0;0;0;0;0;0;0;0;;;;;;;;;;;;;0;;0;;0;;0;;0;;0;;0;;0;;0;;0;;0;;0;;;;0;;;;0;;0;;0;;;;0;;0;;0;;0;;0;;0;;0;;;;;;;;;;0;;0;;;;0;;;;;;;;;;;;;;;;;;;;;;;;0;;;;0;;;;0;;;;0;;;;;;;;;;;;;;;;;;;;;;;;0;;;;0;;;;;;;;;;;;;;;;;;;;;;;;;;;;;;;;;;;;;;
217;München-Nord;9;0;0;0;0;0;0;0;0;;;;;;;;;;;;;0;;0;;0;;0;;0;;0;;0;;0;;0;;0;;0;;0;;;;0;;;;0;;0;;0;;;;0;;0;;0;;0;;0;;0;;0;;;;;;;;;;0;;0;;0;;0;;;;;;;;;;;;;;;;;;;;;;;;0;;;;0;;;;0;;;;0;;;;;;;;;;;;;;;;;;;;;;;;0;;;;0;;;;;;;;;;;;;;;;;;;;;;;;;;;;;;;;;;;;;;
218;München-Ost;9;0;0;0;0;0;0;0;0;;;;;;;;;;;;;0;;0;;0;;0;;0;;0;;0;;0;;0;;0;;0;;0;;;;0;;;;0;;0;;0;;;;0;;0;;0;;;;0;;0;;0;;;;;;;;;;;;0;;0;;0;;;;;;;;;;;;;;;;;;;;;;;;0;;;;0;;;;0;;;;0;;;;;;;;;;;;;;;;;;;;;;;;0;;;;0;;;;;;;;;;;;;;;;;;;;;;;;;;;;;;;;;;;;;;
219;München-Süd;9;0;0;0;0;0;0;0;0;;;;;;;;;;;;;0;;0;;0;;0;;0;;0;;0;;0;;0;;0;;0;;0;;;;0;;;;0;;0;;0;;;;0;;0;;0;;0;;0;;0;;0;;;;;;;;;;0;;0;;0;;0;;;;;;;;;;;;;;;;;;;;;;;;0;;;;0;;;;0;;;;0;;;;;;;;;;;;;;;;;;;;;;;;0;;;;0;;;;;;;;;;;;;;;;;;;;;;;;;;;;;;;;;;;;;;
220;München-West/Mitte;9;0;0;0;0;0;0;0;0;;;;;;;;;;;;;0;;0;;0;;0;;0;;0;;0;;0;;0;;0;;0;;0;;;;0;;;;0;;0;;0;;;;0;;0;;0;;;;0;;0;;0;;;;;;;;;;;;0;;0;;0;;;;;;;;;;;;;;;;;;;;;;;;0;;;;0;;;;0;;;;0;;;;;;;;;;;;;;;;;;;;;;;;0;;;;0;;;;;;;;;;;;;;;;;;;;;;;;;;;;;;;;;;;;;;
221;München-Land;9;0;0;0;0;0;0;0;0;;;;;;;;;;;;;0;;0;;0;;0;;0;;0;;0;;0;;0;;0;;0;;0;;;;0;;;;0;;0;;0;;;;0;;0;;0;;;;0;;;;0;;;;;;;;;;;;0;;;;0;;;;;;;;;;;;;;;;;;;;;;;;0;;;;0;;;;0;;;;0;;;;;;;;;;;;;;;;;;;;;;;;0;;;;0;;;;;;;;;;;;;;;;;;;;;;;;;;;;;;;;;;;;;;
222;Rosenheim;9;0;0;0;0;0;0;0;0;;;;;;;;;;;;;0;;0;;0;;0;;0;;0;;0;;0;;0;;0;;0;;0;;0;;0;;;;0;;0;;0;;;;0;;0;;0;;;;0;;0;;0;;;;;;;;;;;;0;;0;;0;;;;;;;;;;;;;;;;;;;;;;;;0;;;;0;;;;0;;;;0;;;;;;;;;;;;;;;;;;;;;;;;0;;;;0;;;;;;;;;;;;;;;;;;;;;;;;;;;;;;;;;;;;;;
223;Bad Tölz-Wolfratshausen – Miesbach;9;0;0;0;0;0;0;0;0;;;;;;;;;;;;;0;;0;;0;;0;;0;;0;;0;;0;;0;;0;;0;;0;;;;0;;;;0;;;;0;;;;0;;;;0;;;;0;;0;;0;;;;;;;;;;;;0;;;;0;;;;;;;;;;;;;;;;;;;;;;;;0;;;;0;;;;0;;;;0;;;;;;;;;;;;;;;;;;;;;;;;0;;;;0;;;;;;;;;;;;;;;;;;;;;;;;;;;;;;;;;;;;;;
224;Starnberg – Landsberg am Lech;9;0;0;0;0;0;0;0;0;;;;;;;;;;;;;0;;0;;0;;0;;0;;0;;0;;0;;0;;0;;0;;0;;0;;0;;;;0;;0;;0;;;;0;;0;;0;;;;0;;0;;0;;;;;;;;;;;;0;;;;0;;;;;;;;;;;;;;;;;;;;;;;;0;;;;0;;;;0;;;;0;;;;;;;;;;;;;;;;;;;;;;;;0;;;;0;;;;;;;;;;;;;;;;;;;;;;;;;;;;;;;;;;;;;;
225;Traunstein;9;0;0;0;0;0;0;0;0;;;;;;;;;;;;;0;;0;;0;;0;;0;;0;;0;;0;;0;;0;;0;;0;;;;0;;;;0;;;;0;;;;0;;0;;0;;;;0;;0;;0;;;;;;;;;;;;0;;;;0;;;;;;;;;;;;;;;;;;;;;;;;0;;;;0;;;;0;;;;0;;;;;;;;;;;;;;;;;;;;;;;;0;;;;0;;;;;;;;;;;;;;;;;;;;;;;;;;;;;;;;;;;;;;
226;Weilheim;9;166804;165415;166804;165415;134339;119201;134339;119201;1301;1341;779;969;133038;117860;133560;118232;;;;;19722;19372;15402;18049;6229;3337;7215;3553;12066;8939;12752;9266;63783;67678;57258;62418;9371;3736;13908;6162;13383;;16143;6620;;1851;352;1765;;1007;227;654;;4670;2876;3222;;;1186;836;4632;3076;2144;2141;;;724;;3852;4194;2219;2576;;;;;;;;137;;;23;35;;;14;25;;;;;;;;;;;;;;;;;;;;;;;186;;;;203;;;;18;;;;289;;;;;;;;;;;;;;;;;;;;;;;;162;;;;259;;;;;;;;;;;;;172;;;;;;;;211;;;;;;;;;;;;;;;;390;
227;Deggendorf;9;166659;165957;166659;165957;119459;100308;119459;100308;1067;894;704;779;118392;99414;118755;99529;;;;;20612;16066;16916;16700;4955;3024;5892;3367;5342;4450;5528;4370;52167;60975;48183;55877;4707;1950;8968;3810;20438;3205;22765;3985;;1418;248;1370;;1777;492;1541;6563;4667;4785;4205;;;923;721;;109;825;993;;;368;;3608;1773;2250;1652;;;;;;;;72;;;18;11;;;16;13;;;;;;;;;;;;;;;;;;;;;;;87;;;;95;;;;10;;;;117;;;;;;;;;;;;;;;;;;;;;;;;109;;;;160;;;;;;;;;;;;;90;;;;;;;;186;;;;;;;;;;;;;;;;566;
228;Landshut;9;0;0;0;0;0;0;0;0;;;;;;;;;;;;;0;;0;;0;;0;;0;;0;;0;;0;;0;;0;;0;;0;;;;0;;;;0;;0;;0;;;;0;;0;;0;;;;0;;0;;0;;;;;;;;;;;;0;;;;0;;;;;;;;;;;;;;;;;;;;;;;;0;;;;0;;;;0;;;;0;;;;;;;;;;;;;;;;;;;;;;;;0;;;;0;;;;;;;;;;;;;;;;;;;;;;;;;;;;;;;;;;;;;;
229;Passau;9;0;0;0;0;0;0;0;0;;;;;;;;;;;;;0;;0;;0;;0;;0;;0;;0;;0;;0;;0;;0;;0;;;;0;;;;0;;;;0;;;;0;;0;;0;;;;0;;;;0;;;;;;;;;;;;0;;;;0;;;;;;;;;;;;;;;;;;;;;;;;0;;;;0;;;;0;;;;0;;;;;;;;;;;;;;;;;;;;;;;;0;;;;0;;;;;;;;;;;;;;;;;;;;;;;;;;;;;;;;;;;;;;
230;Rottal-Inn;9;168564;168478;168564;168478;124323;107566;124323;107566;1266;1268;819;917;123057;106298;123504;106649;;;;;17782;17056;15779;16066;4852;2756;5502;2840;6061;5073;6460;5242;55365;65095;52778;62705;8627;2179;11191;4344;18433;3129;20381;3827;;58;292;1471;;1669;362;1323;6030;5561;4703;3784;;;1016;740;3131;2950;2005;1793;;772;455;;2776;;1867;1432;;;;;;;;135;;;14;17;;;19;32;;;;;;;;;;;;;;;;;;;;;;;109;;;;99;;;;10;;;;163;;;;;;;;;;;;;;;;;;;;;;;;155;;;;144;;;;;;;;;;;;;121;;;;;;;;195;;;;;;;;;;;;;;;;582;
231;Straubing;9;0;0;0;0;0;0;0;0;;;;;;;;;;;;;0;;0;;0;;0;;0;;0;;0;;0;;0;;0;;0;;0;;;;0;;;;0;;0;;0;;;;0;;0;;0;;;;0;;0;;0;;;;;;;;;;;;0;;;;0;;;;;;;;;;;;;;;;;;;;;;;;0;;;;0;;;;0;;;;0;;;;;;;;;;;;;;;;;;;;;;;;0;;;;0;;;;;;;;;;;;;;;;;;;;;;;;;;;;;;;;;;;;;;
232;Amberg;9;0;0;0;0;0;0;0;0;;;;;;;;;;;;;0;;0;;0;;0;;0;;0;;0;;0;;0;;0;;0;;0;;;;0;;;;0;;0;;0;;;;0;;0;;0;;;;0;;0;;0;;;;;;;;;;;;0;;;;0;;;;;;;;;;;;;;;;;;;;;;;;0;;;;0;;;;0;;;;0;;;;;;;;;;;;;;;;;;;;;;;;0;;;;0;;;;;;;;;;;;;;;;;;;;;;;;;;;;;;0;;;;;;;;
233;Regensburg;9;0;0;0;0;0;0;0;0;;;;;;;;;;;;;0;;0;;0;;0;;0;;0;;0;;0;;0;;0;;0;;0;;0;;0;;;;0;;0;;0;;;;0;;0;;0;;;;0;;;;0;;;;;;;;;;;;0;;;;0;;;;;;;;;;;;;;;;;;;;;;;;0;;;;0;;;;0;;;;0;;;;;;;;;;;;;;;;;;;;;;;;0;;;;0;;;;;;;;;;0;;;;;;;;;;;;;;;;;;;;;;;;;;;;
234;Schwandorf;9;0;0;0;0;0;0;0;0;;;;;;;;;;;;;0;;0;;0;;0;;0;;0;;0;;0;;0;;0;;;;0;;;;0;;;;0;;0;;0;;;;0;;0;;0;;;;0;;;;0;;;;;;;;;;;;0;;;;0;;;;;;;;;;;;;;;;;;;;;;;;0;;;;0;;;;0;;;;0;;;;;;;;;;;;;;;;;;;;;;;;0;;;;0;;;;;;;;;;;;;;;;;;;;;;;;;;;;;;;;;;;;;;
235;Weiden;9;0;0;0;0;0;0;0;0;;;;;;;;;;;;;0;;0;;0;;0;;0;;0;;0;;0;;0;;0;;;;0;;;;0;;;;0;;0;;0;;;;0;;0;;0;;;;0;;0;;0;;;;;;;;;;;;0;;;;0;;;;;;;;;;;;;;;;;;;;;;;;0;;;;0;;;;0;;;;0;;;;;;;;;;;;;;;;;;;;;;;;0;;;;0;;;;;;;;;;;;;;;;;;;;;;;;;;;;;;;;;;;;;;
236;Bamberg;9;0;0;0;0;0;0;0;0;;;;;;;;;;;;;0;;0;;0;;0;;0;;0;;0;;0;;0;;0;;0;;0;;;;0;;;;0;;0;;0;;;;0;;0;;0;;;;0;;0;;0;;;;;;;;;;0;;0;;;;0;;;;;;;;;;;;;;;;;;;;;;;;0;;;;0;;;;0;;;;0;;;;;;;;;;;;;;;;;;;;;;;;0;;;;0;;;;;;;;;;;;;;;;;;;;;;;;;;;;;;;;;;;;;;
237;Bayreuth;9;0;0;0;0;0;0;0;0;;;;;;;;;;;;;0;;0;;0;;0;;0;;0;;0;;0;;0;;0;;0;;0;;;;0;;;;0;;0;;0;;;;0;;;;0;;0;;0;;;;0;;;;;;;;;;;;0;;;;0;;;;;;;;;;;;;;;;;;;;;;;;0;;;;0;;;;0;;;;0;;;;;;;;;;;;;;;;;;;;;;;;0;;;;0;;;;;;;;;;;;;;;;;;;;;;;;;;;;;;;;;;;;;;
238;Coburg;9;0;0;0;0;0;0;0;0;;;;;;;;;;;;;0;;0;;0;;0;;0;;0;;0;;0;;0;;0;;0;;0;;;;0;;0;;0;;;;0;;;;0;;0;;0;;;;0;;;;0;;;;;;;;;;0;;0;;;;0;;;;;;;;;;;;;;;;;;;;;;;;0;;;;0;;;;0;;;;0;;;;;;;;;;;;;;;;;;;;;;;;0;;;;0;;;;;;;;;;;;;;;;;;;;;;;;;;;;;;;;;;;;;;
239;Hof;9;0;0;0;0;0;0;0;0;;;;;;;;;;;;;0;;0;;0;;0;;0;;0;;0;;0;;0;;0;;0;;0;;0;;0;;;;0;;0;;0;;;;0;;;;0;;0;;0;;;;0;;;;;;;;;;;;0;;;;0;;;;;;;;;;;;;;;;;;;;;;;;0;;;;0;;;;0;;;;0;;;;;;;;;;;;;;;;;;;;;;;;0;;;;0;;0;;;;;;;;;;;;;;;;;;;;;;;;;;;;;;;;;;;;
240;Kulmbach;9;170332;172449;170332;172449;135075;122307;135075;122307;1402;1225;1164;1207;133673;121082;133911;121100;;;;;21493;27587;23676;26030;5057;3616;6426;4392;5880;4845;7967;6396;74105;68903;58108;63378;5381;1996;10334;4513;15497;3829;18000;4800;;2212;422;2316;;2013;736;2017;4197;3533;3565;3476;;;1204;889;2063;1430;932;856;;;999;;;1118;520;758;;;;;;;;120;;;54;28;;;15;12;;;;;;;;;;;;;;;;;;;;;;;148;;;;154;;;;17;;;;247;;;;;;;;;;;;;;;;;;;;;;;;199;;;;188;;;;;;;;;;;;;122;;;;;;;;307;;;;;;;;;;;;;;;;690;
241;Ansbach;9;0;0;0;0;0;0;0;0;;;;;;;;;;;;;0;;0;;0;;0;;0;;0;;0;;0;;0;;0;;0;;0;;;;0;;;;0;;0;;0;;;;0;;0;;0;;;;0;;;;0;;;;;;;;;;;;0;;;;0;;;;;;;;;;;;;;;;;;;;;;;;0;;;;0;;;;0;;;;0;;;;;;;;;;;;;;;;;;;;;;;;0;;;;0;;;;;;;;;;0;;;;;;;;;;;;;;;;;;;;;;;;;;;;
242;Erlangen;9;0;0;0;0;0;0;0;0;;;;;;;;;;;;;0;;0;;0;;0;;0;;0;;0;;0;;0;;0;;0;;0;;0;;0;;;;0;;0;;0;;;;0;;0;;0;;;;0;;;;0;;;;;;;;;;;;0;;;;0;;;;;;;;;;;;;;;;;;;;;;;;0;;;;0;;;;0;;;;0;;;;;;;;;;;;;;;;;;;;;;;;0;;;;0;;;;;;;;;;;;;;;;;;;;;;;;;;;;;;;;;;;;;;
243;Fürth;9;0;0;0;0;0;0;0;0;;;;;;;;;;;;;0;;0;;0;;0;;0;;0;;0;;0;;0;;0;;0;;0;;;;0;;;;0;;0;;0;;;;0;;;;0;;;;0;;0;;0;;;;;;;;;;;;0;;;;0;;;;;;;;;;;;;;;;;;;;;;;;0;;;;0;;;;0;;;;0;;;;;;;;;;;;;;;;;;;;;;;;0;;;;0;;;;;;;;;;;;;;;;;;;;;;;;;;;;;;;;;;;;;;
244;Nürnberg-Nord;9;0;0;0;0;0;0;0;0;;;;;;;;;;;;;0;;0;;0;;0;;0;;0;;0;;0;;0;;0;;0;;0;;;;0;;;;0;;0;;0;;;;0;;0;;0;;;;0;;;;0;;;;;;;;;;0;;0;;;;0;;;;;;;;;;;;;;;;;;;;;;;;0;;;;0;;;;0;;;;0;;;;;;;;;;;;;;;;;;;;;;;;0;;;;0;;;;;;;;;;;;;;;;;;;;;;;;;;;;;;;;;;;;;;
245;Nürnberg-Süd;9;0;0;0;0;0;0;0;0;;;;;;;;;;;;;0;;0;;0;;0;;0;;0;;0;;0;;0;;0;;0;;0;;;;0;;;;0;;0;;0;;;;0;;;;0;;;;0;;;;0;;;;;;;;;;;;0;;;;0;;;;;;;;;;;;;;;;;;;;;;;;0;;;;0;;;;0;;;;0;;;;;;;;;;;;;;;;;;;;;;;;0;;;;0;;;;;;;;;;;;;;;;;;;;;;;;;;;;;;;;;;;;;;
246;Roth;9;0;0;0;0;0;0;0;0;;;;;;;;;;;;;0;;0;;0;;0;;0;;0;;0;;0;;0;;0;;0;;0;;0;;0;;;;0;;0;;0;;;;0;;0;;0;;;;0;;;;0;;;;;;;;;;;;0;;;;0;;;;;;;;;;;;;;;;;;;;;;;;0;;;;0;;;;0;;;;0;;;;;;;;;;;;;;;;;;;;;;;;0;;;;0;;;;;;;;;;;;;;;;;;;;;;;;;;;;;;;;;;;;;;
247;Aschaffenburg;9;0;0;0;0;0;0;0;0;;;;;;;;;;;;;0;;0;;0;;0;;0;;0;;0;;0;;0;;0;;0;;0;;;;0;;;;0;;;;0;;;;0;;0;;0;;;;0;;;;0;;;;;;;;;;0;;0;;;;0;;;;;;;;;;;;;;;;;;;;;;;;0;;;;0;;;;0;;;;0;;;;;;;;;;;;;;;;;;;;;;;;0;;;;0;;;;;;;;;;;;;;;;;;;;;;;;;;;;;;;;;;;;;;
248;Bad Kissingen;9;0;0;0;0;0;0;0;0;;;;;;;;;;;;;0;;0;;0;;0;;0;;0;;0;;0;;0;;0;;0;;0;;;;0;;;;0;;;;0;;;;0;;0;;0;;;;0;;;;0;;;;;;;;;;;;0;;;;0;;;;;;;;;;;;;;;;;;;;;;;;0;;;;0;;;;0;;;;0;;;;;;;;;;;;;;;;;;;;;;;;0;;;;0;;;;;;;;;;;;;;;;;;;;;;;;;;;;;;;;;;;;;;
249;Main-Spessart;9;0;0;0;0;0;0;0;0;;;;;;;;;;;;;0;;0;;0;;0;;0;;0;;0;;0;;0;;0;;0;;0;;;;0;;;;0;;0;;0;;;;0;;0;;0;;;;0;;;;0;;;;;;;;;;;;0;;;;0;;;;;;;;;;;;;;;;;;;;;;;;0;;;;0;;;;0;;;;0;;;;;;;;;;;;;;;;;;;;;;;;0;;;;0;;;;;;;;;;;;;;;;;;;;;;;;;;;;;;;;;;;;;;
250;Schweinfurt;9;0;0;0;0;0;0;0;0;;;;;;;;;;;;;0;;0;;0;;0;;0;;0;;0;;0;;0;;0;;0;;0;;;;0;;;;0;;;;0;;;;0;;0;;0;;;;0;;0;;0;;;;;;;;;;0;;0;;;;0;;;;;;;;;;;;;;;;;;;;;;;;0;;;;0;;;;0;;;;0;;;;;;;;;;;;;;;;;;;;;;;;0;;;;0;;;;;;;;;;;;;;;;;;;;;;;;;;;;;;;;;;;;;;
251;Würzburg;9;0;0;0;0;0;0;0;0;;;;;;;;;;;;;0;;0;;0;;0;;0;;0;;0;;0;;0;;0;;0;;0;;;;0;;;;0;;;;0;;;;0;;0;;0;;0;;0;;;;0;;;;;;;;;;;;0;;;;0;;;;;;;;;;;;;;;;;;;;;;;;0;;;;0;;;;0;;;;0;;;;;;;;;;;;;;;;;;;;;;;;0;;;;0;;;;;;;;;;;;;;;;;;;;;;;;;;;;;;;;;;;;;;
252;Augsburg-Stadt;9;0;0;0;0;0;0;0;0;;;;;;;;;;;;;0;;0;;0;;0;;0;;0;;0;;0;;0;;0;;0;;0;;;;0;;;;0;;0;;0;;;;0;;0;;0;;;;0;;;;0;;;;;;;;;;0;;0;;0;;0;;;;;;;;;;;;;;;;;;;;;;;;0;;;;0;;;;0;;;;0;;;;;;;;;;;;;;;;;;;;;;;;0;;;;0;;;;;;;;;;;;;;;;;;;;;;;;;;;;;;;;;;;;;;
253;Augsburg-Land;9;0;0;0;0;0;0;0;0;;;;;;;;;;;;;0;;0;;0;;0;;0;;0;;0;;0;;0;;0;;0;;0;;;;0;;;;0;;0;;0;;;;0;;0;;0;;;;0;;;;0;;;;;;;;;;;;0;;;;0;;;;;;;;;;;;;;;;;;;;;;;;0;;;;0;;;;0;;;;0;;;;;;;;;;;;;;;;;;;;;;;;0;;;;0;;;;;;;;;;;;;;;;;;;;;;;;;;;;;;;;;;;;;;
254;Donau-Ries;9;0;0;0;0;0;0;0;0;;;;;;;;;;;;;0;;0;;0;;0;;0;;0;;0;;0;;0;;0;;0;;0;;;;0;;;;0;;0;;0;;;;0;;0;;0;;;;0;;;;0;;;;;;;;;;;;0;;;;0;;;;;;;;;;;;;;;;;;;;;;;;0;;;;0;;;;0;;;;0;;;;;;;;;;;;;;;;;;;;;;;;0;;;;0;;;;;;;;;;;;;;;;;;;;;;;;;;;;;;;;;;;;;;
255;Neu-Ulm;9;0;0;0;0;0;0;0;0;;;;;;;;;;;;;0;;0;;0;;0;;0;;0;;0;;0;;0;;0;;0;;0;;0;;0;;;;0;;0;;0;;;;0;;0;;0;;;;0;;;;0;;;;;;;;;;;;0;;;;0;;;;;;;;;;;;;;;;;;;;;;;;0;;;;0;;;;0;;;;0;;;;;;;;;;;;;;;;;;;;;;;;0;;;;0;;;;;;;;;;;;;;;;;;;;;;;;;;;;;;0;;;;;;;;
256;Oberallgäu;9;0;0;0;0;0;0;0;0;;;;;;;;;;;;;0;;0;;0;;0;;0;;0;;0;;0;;0;;0;;0;;0;;;;0;;;;0;;0;;0;;;;0;;0;;0;;;;0;;0;;0;;;;;;;;;;;;0;;;;0;;;;;;;;;;;;;;;;;;;;;;;;0;;;;0;;;;0;;;;0;;;;;;;;;;;;;;;;;;;;;;;;0;;;;0;;;;;;;;;;;;;;;;;;;;;;;;;;;;;;;;;;;;;;
257;Ostallgäu;9;0;0;0;0;0;0;0;0;;;;;;;;;;;;;0;;0;;0;;0;;0;;0;;0;;0;;0;;0;;0;;0;;;;0;;;;0;;0;;0;;;;0;;0;;0;;;;0;;0;;0;;;;;;;;;;;;0;;;;0;;;;;;;;;;;;;;;;;;;;;;;;0;;;;0;;;;0;;;;0;;;;;;;;;;;;;;;;;;;;;;;;0;;;;0;;;;;;;;;;;;;;;;;;;;;;;;;;;;;;0;;;;;;;;
9;Bayern;99;672359;672299;672359;672299;513196;449382;513196;449382;5036;4728;3466;3872;508160;444654;509730;445510;;;;;79609;80081;71773;76845;21093;12733;25035;14152;29349;23307;32707;25274;245420;262651;216327;244378;28086;9861;44401;18829;67751;10163;77289;19232;0;5539;1314;6922;0;6466;1817;5535;16790;18431;15929;14687;;;4329;3186;9826;7565;5906;5783;0;772;2546;;10236;7085;6856;6418;;;;;;;;464;0;;109;91;0;;64;82;;;;;;;;;;;;;;;;;;;;;;;530;;;;551;;;;55;;;;816;;;;;;;;;;;;;;;;;;;;;;;;625;;;;751;;0;;;;;;;;0;;;505;;;;;;;;899;;;;;;;;;0;;;;;;;2228;
;
258;Stuttgart I;8;0;0;0;0;0;0;0;0;;;;;;;;;0;;0;;0;;0;;0;;0;;0;;0;;;;;;0;;0;;0;;0;;0;;0;;;;0;;;;0;;0;;0;;0;;0;;0;;0;;;;;;;;;;;;;;0;;0;;0;;;;;;;;;;0;;;;;;;;0;;;;;;;;0;;;;0;;;;0;;;;0;;;;;;;;;;;;;;;;0;;;;;;;;;;;;0;;;;;;;;;;;;;;;;;;;;;;;;;;;;;;;;;;;;;;
259;Stuttgart II;8;0;0;0;0;0;0;0;0;;;;;;;;;0;;0;;0;;0;;0;;0;;0;;0;;;;;;0;;0;;0;;0;;0;;0;;;;0;;;;0;;0;;0;;0;;0;;0;;0;;;;;;;;;;;;;;0;;0;;0;;;;;;;;;;0;;;;;;;;0;;;;;;;;0;;;;0;;;;0;;;;0;;;;;;;;;;;;;;;;0;;;;;;;;;;;;0;;;;;;;;;;;;;;;;;;;;;;;;;;;;;;;;;;;;;;
260;Böblingen;8;0;0;0;0;0;0;0;0;;;;;;;;;0;;0;;0;;0;;0;;0;;0;;0;;;;;;0;;0;;0;;0;;;;0;;;;0;;;;0;;;;0;;;;0;;;;0;;;;;;;;;;;;;;0;;0;;;;;;;;;;;;0;;;;;;;;0;;;;;;;;0;;;;0;;;;0;;;;0;;;;;;;;;;;;;;;;0;;;;;;;;;;;;0;;;;;;;;;;;;;;;;;;;;;;;;;;;;;;;;;;;;;;
261;Esslingen;8;0;0;0;0;0;0;0;0;;;;;;;;;0;;0;;0;;0;;0;;0;;0;;0;;;;;;0;;0;;0;;0;;;;0;;;;0;;;;0;;;;0;;;;0;;;;0;;;;;;;;;;;;;;0;;0;;;;;;;;;;;;0;;;;;;;;0;;;;;;;;0;;;;0;;;;0;;;;0;;;;;;;;;;;;;;;;0;;;;;;;;;;;;0;;;;;;;;;;;;;;;;;;;;;;;;;;;;;;;;;;;;;;
262;Nürtingen;8;0;0;0;0;0;0;0;0;;;;;;;;;0;;0;;0;;0;;0;;0;;0;;0;;;;;;0;;0;;0;;0;;;;0;;;;0;;;;0;;;;0;;;;0;;;;0;;;;;;;;;;;;;;0;;0;;;;;;;;;;;;0;;;;;;;;0;;;;;;;;0;;;;0;;;;0;;;;0;;;;;;;;;;;;;;;;0;;;;;;;;;;;;0;;;;;;;;;;;;;;;;;;;;;;;;;;;;;;;;;;;;;;
263;Göppingen;8;0;0;0;0;0;0;0;0;;;;;;;;;0;;0;;0;;0;;0;;0;;0;;0;;;;;;0;;0;;0;;0;;;;0;;;;0;;;;0;;;;0;;;;0;;;;0;;;;;;;;;;;;;;0;;0;;;;;;;;;;;;0;;;;;;;;0;;;;;;;;0;;;;0;;;;0;;;;0;;;;;;;;;;;;;;;;0;;;;;;;;;;;;0;;;;;;;;;;;;;;;;;;;;;;;;;;;;;;;;;;;;;;
264;Waiblingen;8;0;0;0;0;0;0;0;0;;;;;;;;;0;;0;;0;;0;;0;;0;;0;;0;;;;;;0;;0;;0;;0;;;;0;;;;0;;;;0;;;;0;;0;;0;;;;0;;;;;;;;;;;;;;0;;0;;;;;;;;;;;;0;;;;;;;;0;;;;;;;;0;;;;0;;;;0;;;;0;;;;;;;;;;;;;;;;0;;;;;;;;;;;;0;;;;;;;;;;;;;;;;;;;;;;;;;;;;;;;;;;;;;;
265;Ludwigsburg;8;0;0;0;0;0;0;0;0;;;;;;;;;0;;0;;0;;0;;0;;0;;0;;0;;;;;;0;;0;;0;;0;;;;0;;;;0;;0;;0;;;;0;;;;0;;;;0;;;;;;;;;;;;;;0;;0;;;;;;;;;;;;0;;;;;;;;0;;;;;;;;0;;;;0;;;;0;;;;0;;;;;;;;;;;;;;;;0;;;;;;;;;;;;0;;;;;;;;;;;;;;;;;;;;;;;;;;;;;;;;;;;;;;
266;Neckar-Zaber;8;0;0;0;0;0;0;0;0;;;;;;;;;0;;0;;0;;0;;0;;0;;0;;0;;;;;;0;;0;;0;;0;;;;0;;;;0;;0;;0;;;;0;;;;0;;;;0;;;;;;;;;;;;;;0;;0;;;;;;;;;;;;0;;;;;;;;0;;;;;;;;0;;;;0;;;;0;;;;0;;;;;;;;;;;;;;;;0;;;;;;;;;;;;0;;;;;;;;;;;;;;;;;;;;;;;;;;;;;;;;;;;;;;
267;Heilbronn;8;0;0;0;0;0;0;0;0;;;;;;;;;0;;0;;0;;0;;0;;0;;0;;0;;;;;;0;;0;;0;;0;;;;0;;;;0;;0;;0;;;;0;;0;;0;;0;;0;;;;;;;;;;;;;;0;;0;;;;;;;;;;0;;0;;;;;;;;0;;;;;;;;0;;;;0;;;;0;;;;0;;;;;;;;;;;;;;;;0;;;;;;;;;;;;0;;;;;;;;;;;;;;;;;;;;;;;;;;;;;;;;;;;;;;
268;Schwäbisch Hall – Hohenlohe;8;0;0;0;0;0;0;0;0;;;;;;;;;0;;0;;0;;0;;0;;0;;0;;0;;;;;;0;;0;;0;;0;;0;;0;;;;0;;;;0;;;;0;;0;;0;;;;0;;;;;;;;;;;;;;0;;0;;;;;;;;;;;;0;;;;;;;;0;;;;;;;;0;;;;0;;;;0;;;;0;;;;;;;;;;;;;;;;0;;;;;;;;;;;;0;;;;;;;;;;;;;;;;;;;;;;;;;;;;;;;;;;;;;;
269;Backnang – Schwäbisch Gmünd;8;0;0;0;0;0;0;0;0;;;;;;;;;0;;0;;0;;0;;0;;0;;0;;0;;;;;;0;;0;;0;;0;;;;0;;0;;0;;;;0;;;;0;;;;0;;;;0;;;;;;;;;;;;;;0;;0;;;;;;;;;;;;0;;;;;;;;0;;;;;;;;0;;;;0;;;;0;;;;0;;;;;;;;;;;;;;;;0;;;;;;;;;;;;0;;;;;;;;;;;;;;;;;;;;;;;;;;;;;;;;;;;;;;
270;Aalen – Heidenheim;8;0;0;0;0;0;0;0;0;;;;;;;;;0;;0;;0;;0;;0;;0;;0;;0;;;;;;0;;0;;0;;0;;;;0;;0;;0;;;;0;;;;0;;;;0;;;;0;;;;;;;;;;;;;;0;;0;;;;;;;;;;;;0;;;;;;;;0;;;;;;;;0;;;;0;;;;0;;;;0;;;;;;;;;;;;;;;;0;;;;;;;;;;;;0;;;;;;;;;;;;;;;;;;;;;;;;;;;;;;;;;;;;;;
271;Karlsruhe-Stadt;8;0;0;0;0;0;0;0;0;;;;;;;;;0;;0;;0;;0;;0;;0;;0;;0;;;;;;0;;0;;0;;0;;;;0;;;;0;;;;0;;0;;0;;;;0;;0;;0;;;;;;;;;;;;;;0;;0;;;;;;;;;;0;;0;;;;;;;;0;;;;;;;;0;;;;0;;;;0;;;;0;;;;;;;;;;;;;;;;0;;;;;;;;;;;;0;;;;;;;;;;;;;;;;;;;;;;;;;;;;;;;;;;;;;;
272;Karlsruhe-Land;8;0;0;0;0;0;0;0;0;;;;;;;;;0;;0;;0;;0;;0;;0;;0;;0;;;;;;0;;0;;0;;0;;;;0;;;;0;;0;;0;;;;0;;;;0;;0;;0;;;;;;;;;;;;;;;;0;;;;;;;;;;0;;0;;;;;;;;0;;;;;;;;0;;;;0;;;;0;;;;0;;;;;;;;;;;;;;;;0;;;;;;;;;;;;0;;;;;;;;;;;;;;;;;;;;;;;;;;;;;;;;;;;;;;
273;Rastatt;8;0;0;0;0;0;0;0;0;;;;;;;;;0;;0;;0;;0;;0;;0;;0;;0;;;;;;0;;0;;0;;0;;;;0;;;;0;;0;;0;;;;0;;;;0;;;;0;;;;;;;;;;;;;;;;0;;;;;;;;;;0;;0;;;;;;;;0;;;;;;;;0;;;;0;;;;0;;;;0;;;;;;;;;;;;;;;;0;;;;;;;;;;;;0;;;;;;;;;;;;;;;;;;;;;;;;;;;;;;;;;;;;;;
274;Heidelberg;8;0;0;0;0;0;0;0;0;;;;;;;;;0;;0;;0;;0;;0;;0;;0;;0;;;;;;0;;0;;0;;0;;0;;0;;;;0;;0;;0;;;;0;;;;0;;0;;0;;;;;;;;;;;;;;0;;0;;;;;;;;;;;;0;;;;;;;;0;;;;;;;;0;;;;0;;;;0;;;;0;;;;;;;;;;;;;;;;0;;;;;;;;;;;;0;;;;;;;;;;;;;;;;;;;;;;;;;;;;;;;;;;;;;;
275;Mannheim;8;0;0;0;0;0;0;0;0;;;;;;;;;0;;0;;0;;0;;0;;0;;0;;0;;;;;;0;;0;;0;;0;;;;0;;;;0;;0;;0;;;;0;;;;0;;0;;0;;;;;;;;;;;;;;0;;0;;;;;;;;;;;;0;;;;;;;;0;;;;;;;;0;;;;0;;;;0;;;;0;;;;;;;;;;;;;;;;0;;;;;;;;;;;;0;;;;;;;;;;;;;;;;;;;;;;;;;;;;;;;;;;;;;;
276;Odenwald – Tauber;8;0;0;0;0;0;0;0;0;;;;;;;;;0;;0;;0;;0;;0;;0;;0;;0;;;;;;0;;0;;0;;0;;;;0;;;;0;;;;0;;;;0;;0;;0;;;;0;;;;;;;;;;;;;;;;0;;;;;;;;;;;;0;;;;;;;;0;;;;;;;;0;;;;0;;;;0;;;;0;;;;;;;;;;;;;;;;0;;;;;;;;;;;;0;;;;;;;;;;;;;;;;;;;;;;;;;;;;;;;;;;;;;;
277;Rhein-Neckar;8;0;0;0;0;0;0;0;0;;;;;;;;;0;;0;;0;;0;;0;;0;;0;;0;;;;;;0;;0;;0;;0;;;;0;;;;0;;0;;0;;;;0;;;;0;;0;;0;;;;;;;;;;;;;;;;0;;;;;;;;;;;;0;;;;;;;;0;;;;;;;;0;;;;0;;;;0;;;;0;;;;;;;;;;;;;;;;0;;;;;;;;;;;;0;;;;;;;;;;;;;;;;;;;;;;;;;;;;;;;;;;;;;;
278;Bruchsal – Schwetzingen;8;0;0;0;0;0;0;0;0;;;;;;;;;0;;0;;0;;0;;0;;0;;0;;0;;;;;;0;;0;;0;;0;;;;0;;;;0;;0;;0;;0;;0;;;;0;;0;;0;;;;;;;;;;;;;;;;0;;;;;;;;;;0;;0;;;;;;;;0;;;;;;;;0;;;;0;;;;0;;;;0;;;;;;;;;;;;;;;;0;;;;;;;;;;;;0;;;;;;;;;;;;;;;;;;;;;;;;;;;;;;;;;;;;;;
279;Pforzheim;8;0;0;0;0;0;0;0;0;;;;;;;;;0;;0;;0;;0;;0;;0;;0;;0;;;;;;0;;0;;0;;0;;;;0;;;;0;;;;0;;0;;0;;;;0;;;;0;;;;;;;;;;;;;;;;0;;;;;;;;;;0;;0;;;;;;;;0;;;;;;;;0;;;;0;;;;0;;;;0;;;;;;;;;;;;;;;;0;;;;;;;;;;;;0;;;;;;;;;;;;;;;;;;;;;;;;;;;;;;;;;;;;;;
280;Calw;8;0;0;0;0;0;0;0;0;;;;;;;;;0;;0;;0;;0;;0;;0;;0;;0;;;;;;0;;0;;0;;0;;0;;0;;;;0;;0;;0;;0;;0;;;;0;;;;0;;;;;;;;;;;;;;0;;0;;;;;;;;;;;;0;;;;;;;;0;;;;;;;;0;;;;0;;;;0;;;;0;;;;;;;;;;;;;;;;0;;;;;;;;;;;;0;;;;;;;;;;;;;;;;;;;;;;;;;;;;;;;;;;;;;;
281;Freiburg;8;0;0;0;0;0;0;0;0;;;;;;;;;0;;0;;0;;0;;0;;0;;0;;0;;;;;;0;;0;;0;;0;;;;0;;;;0;;;;0;;0;;0;;;;0;;0;;0;;;;;;;;;;;;;;0;;0;;;;;;;;;;;;0;;;;;;;;0;;;;;;;;0;;;;0;;;;0;;;;0;;;;;;;;;;;;;;;;0;;;;;;;;;;;;0;;0;;;;;;;;;;;;;;;;;;;;;;;;;;;;;;;;;;;;
282;Lörrach – Müllheim;8;0;0;0;0;0;0;0;0;;;;;;;;;0;;0;;0;;0;;0;;0;;0;;0;;;;;;0;;0;;0;;0;;0;;0;;;;0;;;;0;;;;0;;;;0;;;;0;;;;;;;;;;;;;;;;0;;;;;;;;;;;;0;;;;;;;;0;;;;;;;;0;;;;0;;;;0;;;;0;;;;;;;;;;;;;;;;0;;;;;;;;;;;;0;;;;;;;;;;;;;;;;;;;;;;;;;;;;;;;;;;;;;;
283;Emmendingen – Lahr;8;0;0;0;0;0;0;0;0;;;;;;;;;0;;0;;0;;0;;0;;0;;0;;0;;;;;;0;;0;;0;;0;;;;0;;;;0;;;;0;;0;;0;;0;;0;;;;0;;;;;;;;;;;;;;;;0;;;;;;;;;;;;0;;;;;;;;0;;;;;;;;0;;;;0;;;;0;;;;0;;;;;;;;;;;;;;;;0;;;;;;;;;;;;0;;;;;;;;;;;;;;;;;;;;;;;;;;;;;;;;;;;;;;
284;Offenburg;8;0;0;0;0;0;0;0;0;;;;;;;;;0;;0;;0;;0;;0;;0;;0;;0;;;;;;0;;0;;0;;0;;;;0;;;;0;;;;0;;;;0;;;;0;;;;0;;;;;;;;;;;;;;;;0;;;;;;;;;;;;0;;;;;;;;0;;;;;;;;0;;;;0;;;;0;;;;0;;;;;;;;;;;;;;;;0;;;;;;;;;;;;0;;;;;;;;;;;;;;;;;;;;;;;;;;;;;;;;;;;;;;
285;Rottweil – Tuttlingen;8;0;0;0;0;0;0;0;0;;;;;;;;;0;;0;;0;;0;;0;;0;;0;;0;;;;;;0;;0;;0;;0;;;;0;;;;0;;0;;0;;;;0;;0;;0;;;;0;;;;;;;;;;;;;;;;0;;;;;;;;;;;;0;;;;;;0;;0;;;;;;;;0;;;;0;;;;0;;;;0;;;;;;;;;;;;;;;;0;;;;;;;;;;;;0;;;;;;;;;;;;;;;;;;;;;;;;;;;;;;;;;;;;;;
286;Schwarzwald-Baar;8;0;0;0;0;0;0;0;0;;;;;;;;;0;;0;;0;;0;;0;;0;;0;;0;;;;;;0;;0;;0;;0;;;;0;;0;;0;;0;;0;;;;0;;;;0;;;;0;;;;;;;;;;;;;;0;;0;;;;;;;;;;;;0;;;;;;;;0;;;;;;;;0;;;;0;;;;0;;;;0;;;;;;;;;;;;;;;;0;;;;;;;;;;;;0;;;;;;;;;;;;;;;;;;;;;;;;;;;;;;;;;;;;;;
287;Konstanz;8;0;0;0;0;0;0;0;0;;;;;;;;;0;;0;;0;;0;;0;;0;;0;;0;;;;;;0;;0;;0;;0;;;;0;;;;0;;;;0;;;;0;;;;0;;0;;0;;;;;;;;;;;;;;;;0;;;;;;;;;;;;0;;;;;;;;0;;;;;;;;0;;;;0;;;;0;;;;0;;;;;;;;;;;;;;;;0;;;;;;;;;;;;0;;;;;;;;;;;;;;;;;;;;;;;;;;;;;;;;;;;;;;
288;Waldshut;8;0;0;0;0;0;0;0;0;;;;;;;;;0;;0;;0;;0;;0;;0;;0;;0;;;;;;0;;0;;0;;0;;;;0;;;;0;;0;;0;;;;0;;0;;0;;;;0;;;;;;;;;;;;;;;;0;;;;;;;;;;;;0;;;;;;;;0;;;;;;;;0;;;;0;;;;0;;;;0;;;;;;;;;;;;;;;;0;;;;;;;;;;;;0;;;;;;;;;;;;;;;;;;;;;;;;;;;;;;;;;;;;;;
289;Reutlingen;8;0;0;0;0;0;0;0;0;;;;;;;;;0;;0;;0;;0;;0;;0;;0;;0;;;;;;0;;0;;0;;0;;;;0;;;;0;;;;0;;;;0;;;;0;;0;;0;;;;;;;;;;;;;;0;;0;;;;;;;;;;;;0;;;;;;;;0;;;;;;;;0;;;;0;;;;0;;;;0;;;;;;;;;;;;;;;;0;;;;;;;;;;;;0;;;;;;;;;;;;;;;;;;;;;;;;;;;;;;;;;;;;;;
290;Tübingen;8;0;0;0;0;0;0;0;0;;;;;;;;;0;;0;;0;;0;;0;;0;;0;;0;;;;;;0;;0;;0;;0;;;;0;;;;0;;;;0;;;;0;;;;0;;0;;0;;;;;;;;;;;;;;0;;0;;;;;;;;;;;;0;;;;;;;;0;;;;;;;;0;;;;0;;;;0;;;;0;;;;;;;;;;;;;;;;0;;;;;;;;;;;;0;;;;;;;;;;;;;;;;;;;;;;;;;;;;;;;;;;;;;;
291;Ulm;8;0;0;0;0;0;0;0;0;;;;;;;;;0;;0;;0;;0;;0;;0;;0;;0;;;;;;0;;0;;0;;0;;0;;0;;;;0;;;;0;;;;0;;;;0;;;;0;;;;;;;;;;;;;;0;;0;;;;;;;;;;;;0;;;;;;;;0;;;;;;;;0;;;;0;;;;0;;;;0;;;;;;;;;;;;;;;;0;;;;;;;;;;;;0;;;;;;;;;;;;;;;;;;;;;;;;;;;;;;;;;;;;;;
292;Biberach;8;0;0;0;0;0;0;0;0;;;;;;;;;0;;0;;0;;0;;0;;0;;0;;0;;;;;;0;;0;;0;;0;;;;0;;;;0;;0;;0;;;;0;;0;;0;;;;0;;;;;;;;;;;;;;;;0;;;;;;;;;;;;0;;;;;;;;0;;;;;;;;0;;;;0;;;;0;;;;0;;;;;;;;;;;;;;;;0;;;;;;;;;;;;0;;;;;;;;;;;;;;;;;;;;;;;;;;;;;;;;;;;;;;
293;Bodensee;8;0;0;0;0;0;0;0;0;;;;;;;;;0;;0;;0;;0;;0;;0;;0;;0;;;;;;0;;0;;0;;0;;;;0;;;;0;;0;;0;;;;0;;0;;0;;;;0;;;;;;;;;;;;;;;;0;;;;;;;;;;;;0;;;;;;;;0;;;;;;;;0;;;;0;;;;0;;;;0;;;;;;;;;;;;;;;;0;;;;;;;;;;;;0;;;;;;;;;;;;;;;;;;;;;;;;;;;;;;;;;;;;;;
294;Ravensburg;8;0;0;0;0;0;0;0;0;;;;;;;;;0;;0;;0;;0;;0;;0;;0;;0;;;;;;0;;0;;0;;0;;;;0;;;;0;;0;;0;;;;0;;0;;0;;;;0;;;;;;;;;;;;;;0;;0;;;;;;;;;;;;0;;;;;;;;0;;;;;;;;0;;;;0;;;;0;;;;0;;;;;;;;;;;;;;0;;0;;;;;;;;;;;;0;;;;;;;;;;;;;;;;;;;;;;;;;;;;;;;;;;;;;;
295;Zollernalb – Sigmaringen;8;0;0;0;0;0;0;0;0;;;;;;;;;0;;0;;0;;0;;0;;0;;0;;0;;;;;;0;;0;;0;;0;;;;0;;;;0;;;;0;;;;0;;;;0;;;;0;;;;;;;;;;;;;;0;;0;;;;;;;;;;;;0;;;;;;;;0;;;;;;;;0;;;;0;;;;0;;;;0;;;;;;;;;;;;;;;;0;;;;;;;;;;;;0;;;;;;;;;;;;;;;;;;;;;;;;;;;;;;;;;;;;;;
8;Baden-Württemberg;99;0;0;0;0;0;0;0;0;;;;;;;;;0;;0;;0;;0;;0;;0;;0;;0;;;;;;0;;0;;0;;0;;0;;0;;0;;0;;0;;0;;0;;0;;0;;0;;0;;0;;;;;;;;;;;;;;0;;0;;0;;;;;;;;0;;0;;;;;;0;;0;;;;;;;;0;;;;0;;;;0;;;;0;;;;;;;;;;;;;;0;;0;;;;;;;;;;;;0;;0;;;;;;;;;;;;;;;;;;;;;;;;;;;;;;;;;;;;
;
296;Saarbrücken;10;0;0;0;0;0;0;0;0;;;;;;;;;0;;0;;0;;0;;0;;0;;0;;0;;;;;;0;;0;;0;;0;;0;;0;;0;;0;;0;;0;;;;;;;;;;;;0;;;;;;;;;;;;0;;0;;0;;;;;;;;;;;;;;;;;;;;;;;;;;;;0;;;;;;;;;;;;0;;;;;;;;;;;;;;;;;;;;;;;;;;;;0;;;;;;;;;;;;;;;;;;;;;;;;;;;;;;;;;;;;;;
297;Saarlouis;10;0;0;0;0;0;0;0;0;;;;;;;;;0;;0;;0;;0;;0;;0;;0;;0;;;;;;0;;0;;0;;0;;0;;0;;;;0;;0;;0;;;;;;;;;;0;;0;;;;;;;;;;0;;0;;;;0;;;;;;;;;;;;;;;;;;;;;;;;;;;;0;;;;;;;;;;;;0;;;;;;;;;;;;;;;;;;;;;;;;;;;;0;;;;;;;;;;;;;;;;;;;;;;;;;;;;;;;;;;;;;;
298;St. Wendel;10;0;0;0;0;0;0;0;0;;;;;;;;;0;;0;;0;;0;;0;;0;;0;;0;;;;;;0;;0;;0;;0;;;;0;;;;0;;0;;0;;;;;;;;;;;;0;;;;;;;;;;;;0;;;;0;;;;;;;;;;;;;;;;;;;;;;;;;;;;0;;;;;;;;;;;;0;;;;;;;;;;;;;;;;;;;;;;;;;;;;0;;;;;;;;;;;;;;;;;;;;;;;;;;;;;;;;;;;;;;
299;Homburg;10;0;0;0;0;0;0;0;0;;;;;;;;;0;;0;;0;;0;;0;;0;;0;;0;;;;;;0;;0;;0;;0;;;;0;;;;0;;0;;0;;;;;;;;;;0;;0;;;;;;;;;;;;0;;0;;0;;;;;;;;;;;;;;;;;;;;;;;;;;;;0;;;;;;;;;;;;0;;;;;;;;;;;;;;;;;;;;;;;;;;;;0;;;;;;;;;;;;;;;;;;;;;;;;;;;;;;;;;;;;;;
10;Saarland;99;0;0;0;0;0;0;0;0;;;;;;;;;0;;0;;0;;0;;0;;0;;0;;0;;;;;;0;;0;;0;;0;;0;;0;;0;;0;;0;;0;;;;;;;;;;0;;0;;;;;;;;;;0;;0;;0;;0;;;;;;;;;;;;;;;;;;;;;;;;;;;;0;;;;;;;;;;;;0;;;;;;;;;;;;;;;;;;;;;;;;;;;;0;;;;;;;;;;;;;;;;;;;;;;;;;;;;;;;;;;;;;;
;
99;Bundesgebiet;;859184;862027;859184;862027;656053;588014;656053;588014;7255;9659;5593;8088;648798;578355;650460;579926;47269;55444;42231;49063;128950;135298;115219;125265;29693;19986;34926;21508;37411;31793;42366;36146;245420;262651;216327;244378;38016;13440;58319;25281;83189;10163;93699;26006;0;8716;1821;9164;0;6466;2258;6694;18701;18431;17199;15700;0;;5656;3186;9826;7565;6034;5783;0;772;3434;525;10236;7085;6856;6418;0;;0;;0;;0;464;0;;154;124;0;;83;129;0;;0;71;0;;0;;;;0;;0;;0;;0;;0;;;;733;;;;551;;0;;72;;;;991;;0;;0;;0;;0;;0;;0;;0;;0;;;;0;;0;;625;;0;;906;;0;;;;0;;;;0;;;505;0;;;;0;;;899;0;;;;0;;;;0;;;;87;545;;2617;
